rank,members,name,url,category,city,description
1,49973,Пособие воспитателям | Игрушки в детские сады,https://vk.com/knigi_izfetra_fetrosha,"Игры, игрушки",Пермь,"Книжка из фетра — отличный помощник для развития Вашего малыша. Это игрушка точно не займет место на самом дне ящика для игрушек, ведь её отличает оригинальность исполнения и яркость.  ⭐ У нас Вы можете заказать ⭐ Для заказа звоните нам по телефону/ What""s app 📞 +79091074676, пишите в сообщения сооб"
2,49962,ЗУБНЫЕ ТЕХНИКИ 🦷,https://vk.com/dental__technician,Стоматология,Санкт-Петербург,Зубные техники / Студенты медики / Красивые фотографии зубов
3,49941,PLANTA,https://vk.com/plantabeauty,Товары для дома,,"PLANTA дарит радость в каждом моменте Наша техника работает так, как нужно именно вам: понятно, надёжно, красиво.  Создаём устройства, которые становятся частью домашней атмосферы. Они помогают навести порядок, дарят телу отдых и поддерживают уют.  PLANTA всегда рядом: в тёплых моментах, в заботе о "
4,49916,Уютное макраме | Cosymacrame | Мастер классы,https://vk.com/cosy_macrame,Творчество,,"Подробные и понятные мастер классы в формате видео, с которыми справится даже новичок!  Мастер классы доступны по подписке ВК Донат или с бессрочным доступом на сайте  Весь контент (фото, видео, тексты) представленный в данном профиле, защищен авторским правом и не подлежит копированию, распростране"
5,49836,ILIADA • Украшения с гравировкой,https://vk.com/iliadagrav,"Украшения, бижутерия ",,"А+ https://vk.cc/cJCl28  ILIADA - сближает, мирит и рождает любовь. Индивидуальные украшения с гравировкой. Напиши то, что хочешь сказать!  Уникальный подарок, который будет греть сердце вашим близким ❤  📍Гарантия 6 месяцев 📍Доставка по всей России 📍Изделия будут готовы в течение 1-3 дней  Качествен"
6,49797,PRESTIGE MODE | ЖЕНСКАЯ ОДЕЖДА | САДОВОД А2В-14,https://vk.com/kamarov.online,"Одежда, обувь",Москва,"Мы являемся крупным поставщиком одежды Ивановского Трикотажа и женские одежда пр Корея и Китай фобричного качество.  у нас вы можете найти пижаму костюм двойка тройка, штаны ВИСОКАКАЧЕСТВНАЯ. и. д.  Мы отправляем от одного вещей через любая транспортная компания который вам удобно. Также у кого есть"
7,49693,"Натуральная кожа и мех. Магазин ""Кожа-стиль""",https://vk.com/leatherstylespb,Другие товары,Санкт-Петербург,"⚡МАГАЗИН НАТУРАЛЬНОЙ КОЖИ И МЕХА ОТ ПРОИЗВОДИТЕЛЯ  Прямые поставки с кожевенных заводов России и стран СНГ. А также поставляем кожу из стран СНГ, Европы и Азии.  У нас есть два магазина в Москве и в Санкт-Петербурге. Продаем кожу для мастеров, ателье и производств. Вы можете приобрести у нас кожу от"
8,49646,Лэпбуки. Игры. Электронные шаблоны ЛэпБук,https://vk.com/club203957025,Образование,,"№7026497170 Добро пожаловать в группу❤️ Игры, лэпбуки, пособия, оформление для детских садов и школ! Здесь вы можете приобрести шаблоны развивающих пособий для самостоятельного изготовления! Шаблоны можно использовать в личных целях. Можно продавать пособия в ГОТОВОМ виде (❗️Кроме маркетплейсов!) ❗️"
9,49599,Elisir_club | Сумки и аксессуары,https://vk.com/elisir_club,"Одежда, обувь",Казань,"Магазин кожаных сумок и аксессуаров 🤍 Для тех, кто живёт насыщенной жизнью и выбирает качество.   Мы знаем, как важна сумка, когда вы — мама, профессионал, хозяйка и женщина с хорошим вкусом.  Поэтому у нас много моделей под разные роли и ситуации: удобные, красивые и продуманные до мелочей.  Чтобы "
10,49469,Твоя Йога,https://vk.com/youryogaorg,Философия,Орёл,"ЗНАНИЯ, ДОСТУПНЫЕ КАЖДОМУ: Йога, медитация, авторские практики саморазвития, инструменты роста, древние и современные методики совершенствования, опыт тысячелетий, ведическая философия, развитие психической силы, трансперсональная психология. Уникальные аудио-видео материалы для расслабления, медита"
11,49320,Твой Космос | Варганы | Глюкофоны Dzen Drum,https://vk.com/you_space,Музыкальные инструменты,Курган,"🪐 «Твой Космос» — мастерская этнических музыкальных инструментов, школа игры на варгане и глюкофоне, где создаются уникальные варганы и мелодические стальные язычковые барабаны Dzen Drum.  Наши инструменты разрабатываются по авторской технологии, что обеспечивает их неповторимый звук и оригинальный "
12,49305,mjölk [мьёльк] | Детская одежда,https://vk.com/mjolk_ru,Товары для детей,Санкт-Петербург,"ОДЕЖДА И АКСЕССУАРЫ ДЛЯ НОВОРОЖДЁННЫХ И ДЕТОК ПОСТАРШЕ:  • Комбинезоны на молнии • Пеленальные коконы • Муслин • Пелёнки, пледы, одеяла • Ползунки, боди • Платочки-слюнявчики • Круговые нагрудники • Чепчики и шапочки  Вся продукция выполняется вручную и с любовью упаковывается в нежнейшие фатиновые "
13,49206,"""Потеряшка""СПб - Центр помощи бездомным животным",https://vk.com/poteryashka_spb,Благотворительная организация,Санкт-Петербург,"Центр помощи бездомным животным ""Потеряшка"" (Санкт-Петербург) ******************************** Наш Центр — это единая картотека потерянных, найденных и отдающихся животных с диспетчерским пультом  тел. 338-80-08,  8-953-164-39-77  с 10 до 18 час  сб-вс с 10 до 17 ********************************  **"
14,49173,Rodeo Drive. Мужская одежда Пермь,https://vk.com/rodeodriveshop,"Одежда, обувь",Пермь,Каждый мужчина хоть раз в жизни должен посетить Rodeo Drive 😎   В этой группе есть вся актуальная информация о нашем магазине и товаре.   ✅ Все вопросы и ответы только через этот аккаунт: http://vk.com/rodeodrive59 💯 Это единственный представитель магазина Rodeo Drive. Остальные страницы - ФЭЙК.  📍Н
15,49089,"Не ждите чуда, чудите сами ;)",https://vk.com/romasha.club,Творчество,,"Чудеса нашего мира и рукоделия! Отличная группа для отдыха. Каждой рукодельнице нужен отдых и эта группа как раз для вас! Тут вам поднимут настроение посты с юмором, так же смогут вдохновить на великие дела посты с очень красивыми идеями рукоделия и не только."
16,49072,Обувь  женские Садовод 27-60,https://vk.com/shopsadovodwow,"Одежда, обувь",Москва,"🎯 Широкий ассортимент женской обуви на любой сезон и случай.   🎯Продажа ОПТОМ и в РОЗНИЦУ. От одной пары для себя — до крупного заказа для вашего магазина.   🎯Быстрая доставка по всей России: СДЭК, Почта России, Boxberry и др.   Подписывайтесь, чтобы быть в курсе новых поступлений и акций!  💬 Чтобы "
17,49030,Логопедические игры Михайловой Е.В.,https://vk.com/logopedicheskie_igry,Образование,,Давайте учить детей играя! Информация по лицензии в Роскомнадзоре:  https://knd.gov.ru/license?id=6734933a342af512e769a383&registryType=bloggersPermission
18,48998,Одежда Dobermans Aggressive и Thor Steinar,https://vk.com/styleaggressive,"Одежда, обувь",,"Мужская и Женская одежда польского бренда DOBERMANS AGGRESSIVE и немецких брендов Thor Steinar и Ansgar Aryan . Доставка по России и Миру. Вопросы по заказам - СЮДА https://vk.com/id143291383    DOBERMANS AGGRESSIVE - Это довольно молодой, но очень успешный бренд из Европы. Производит повседневную о"
19,48997,УХА-ТВ Рыбалка в Чувашии (UHA-TV),https://vk.com/uhatv,Рыбалка,Чебоксары,"Сообщество рыболовов объединенных общим увлечением. Уха-Тв - это увлекательные и интересные отчёты о рыбалке, занимательное общение, обсуждение интересующих вопросов.  Место расположения Чебоксары.  Уникальная ссылка для автоматического перехода пользователя социальной сети к поисковой форме, размещ"
20,48987,SOFUTO Детская одежда,https://vk.com/sofuto2000,Детская одежда и обувь,,Детская одежда для путешествий по жизни ✂️Собственное производство 🛒 Наличие и цены sofuto.ru ✈️ Доставка по России 🌸 Бесплатная доставка от 10 тыс ₽
21,48980,Soda Shop,https://vk.com/sodastores,"Одежда, обувь",Минск,"№1 хайп магазин в Беларуси - Доставка по Беларуси наложенным платежом за счёт получателя  - Весь товар в наличии  Наши магазины: - Минск ТЦ Немига 3,этаж 0,павильон 2 - Могилев, ул. Ленинская 49 (отдельный вход с улицы)  Худи Свитшоты Носки Рюкзаки Штаны Джоггеры Куртки Ветровки Джинсовки Кольца Очк"
22,48954,Вязание. Knitting_in_trendd,https://vk.com/knitting_in_trendd,Творчество,Саранск,🥰Самое большое сообщество с бесплатными описаниями и полезными видео!
23,48896,Авторазбор ПРОдетали24,https://vk.com/prodetali24,Автотовары,,"Мы предлагаем широкий выбор оригинальных новых и подержанных запчастей для популярных марок автомобилей: Renault, Nissan, Kia, Hyundai, Geely и Lifan.  Наш склад насчитывает более 200’000 тысяч позиций, включая:  ✔️ Детали кузова: двери, капоты, крышки багажников, крылья, задние четверти. ✔️ Оптика "
24,48880,Гарри Шоп | Книги Гарри Поттер Росмэн,https://vk.com/magicsstore,Закрытое сообщество,,"Магазин по тематике Гарри Поттер. Книги, атрибутика, мерч. Более 5 лет радуем поттероманов товарами. Отзывов 1360+"
25,48788,Татьяна Барковская. Обучение зефиру.,https://vk.com/zefir.hand.made,Образование,Санкт-Петербург,"Жмите на 👉 https://vk.cc/cTbb3T 👈🏻 и забирайте 🎁Гайд ""Всё о зефире"" 🧚🏻Умею превращать сложные рецепты в простые шаги !  ПОДПИСЫВАЙТЕСЬ 🫶🏻 и я открою Вам путь в волшебный кондитерский мир.  Меня зовут Татьяна Барковская я основатель онлайн школы по зефирному мастерству и кондитерскому искусству.  В с"
26,48778,Obuv Land ''Штучно'' 30- 65,https://vk.com/roznicnayaobuv3050,"Стиль, одежда, обувь",,Здравствуйте дорогие Клиенты 😊 Предоставляем вашему вниманию нашу группу по розничной продажи обуви. Мы будем здесь выкладывать обувь ШТУЧНО ‼️ Будем вам рады 😊 Наше Место  ТЯК Садовод - 30-65
27,48776,Косметика Беларусь Kylie.by,https://vk.com/kylie_by,"Парфюмерия, косметика",Барановичи,"💋 Профессиональная косметика, кисти для макияжа, аксессуары по САМЫМ доступным ценам!  Вся наша косметика сертифицирована, она полностью отвечает всем санитарным требованиям. ✅ Качество продукции подтверждено сертификатами!  ✅ Приятные цены! ✅ Скидки, акции и розыгрыши! ✅ Широчайший ассортимент  Дос"
28,48730,"МОХИРА | Обзоры, которые экономят вам время",https://vk.com/mohira_shop,"Стиль, одежда, обувь",,"№ 7261612989 🌸 Привет! Я — Махира 👋   Помогаю вам находить лучшие товары для дома, семьи и уюта — без переплат и лишних усилий!  📦 Распаковываю, тестирую, честно рассказываю — что работает, а что нет.   💸 Экономлю ваше время и деньги — потому что знаю, как это важно! 115687d8-95e9-4  🌟 Почему именно"
29,48716,"""МЕБТАУН"" сеть мебельных салонов",https://vk.com/mebtown,Мебель,Кудымкар,"Доступные цены, широкий ассортимент и высокое качество  В салонах ""МЕБТАУН"" вы можете купить корпусную и мягкую мебель для обустройства спальни, гостиной, детской или офисного помещения. Также на нашем сайте большой выбор кухонных гарнитуров, шкафов, зеркал и прихожих. Ждём Вас в наших магазинах по "
30,48696,Профессиональная косметика Гельтек,https://vk.com/geltekcosmetics,"Парфюмерия, косметика",Москва,"Основные направления производства «Гельтека» — профессиональная и натуральная косметика, а также любые гелевые текстуры. Мы производим товары для использования в домашнем уходе за кожей, профессиональной косметологии и эстетической медицине. Каталог косметики: https://geltek.ru/catalog/  Мы разработ"
31,48667,Украшения с кристаллами Сваровски,https://vk.com/shop_swarovski.brand,"Украшения, бижутерия ",Санкт-Петербург,"РКН 7050455977 Мы - магазин украшений c кристаллами Swarovski (Сваровски) ⚡️ -10% скидка при покупке от 2-х украшений ⚡️Работаем более 9 лет, отзывы https://vk.com/feedback_app?mid=-77814441&ref=group_menu  Наш телеграмм https://t.me/shop_swarovski_brand  Подпишись на Max https://max.ru/join/1HCQ-UR"
32,48663,Lamp Garage | Мужская одежда,https://vk.com/lampgarage,"Стиль, одежда, обувь",,"Ламповый стиль в одежде, обуви и аксессуарах ⚡  На Lamp Garage вы можете заказать повседневную стильную одежду, обувь и мотоциклетную атрибутику.  Мы обеспечиваем и гарантируем только высокое качество продукции.  Наша цель - удовлетворить потребности тех, кто ищет свой собственный стиль. Наш опыт - "
33,48642,ДЕТСКАЯ ОДЕЖДА 24-31,https://vk.com/alisher_style,"Стиль, одежда, обувь",Москва,Всем здравствуйте 👋  Заказ только я принимаю и всё ‼️‼️‼️ У нас не кого помощник или помощница!  Только я сам работаю и все  Заказ только в личку и в ватсап можно скинуть  😇  👉 Заказать: https://vk.com/alisher_style Телефон для связи: +7 966 022-11-42
34,48476,Максюна | Ткани и трикотаж,https://vk.com/maksuna_ekb,Товары для творчества,Екатеринбург,"№4925433916 номер заявления в Роскомнадзор  Самый большой ассортимент трикотажа в Екатеринбурге! Новинки каждую неделю.  Все самое интересное в нашем телеграм-канале  https://t.me/maksuna_ekb  Магазин на 100 кв.м. находится в г. Екатеринбург, ул. проспект Космонавтов 31А, ТЦ Меркурий (2 этаж).  Вы м"
35,48470,Суши-Бро | Суши • Роллы | Ижевск,https://vk.com/sushi_bro,Доставка еды,Ижевск,"👉[https://vk.com/app5898182_-120669112#u=1904118&s=3135282&force=1|Дарим подарки к первому заказу] 👈  У нас вы можете заказать вкусные суши и роллы, которые приготовлены из самых свежих ингредиентов.  Нас объединяет любовь к нашему делу и к нашему городу. Поэтому мы готовим только самое вкусное для "
36,48414,КОТОМАМА | Украшения с отпечатком носов питомцев,https://vk.com/kot.o.mama,Ювелирные изделия,Москва,"РКН заявка 7217820560   Украшения с отпечатком носиков питомцев!   💎 Изготавливаем кулоны, браслеты, кольца, брелоки, серьги из серебра.  100% ручная работа! На украшения наносим любую гравировку, можем сделать надпись вашим почерком, чтобы добавить изделию уникальности.  🐾 Предоставляем выгодную ра"
37,48410,Жако роллы и пицца Самара | Доставка,https://vk.com/jacofood_smr,Доставка еды,Самара,"Привет, мы — Жако!  Готовим роллы и пиццу, доставляем сами. У нас большие порции и низкие цены.  У нас заказывают на праздники и когда хотят побаловать себя вкусненьким.  Выбираем ингредиенты без ГМО, ЗМЖ, антибиотиков. Готовим много и только под заказ, поэтому продукты всегда свежие.  Регулярно про"
38,48409,Подарки впечатления Море Эмоций,https://vk.com/moremotionsru,Торгово-развлекательный центр,,"Магазин подарков-впечатлений для себя и близких ✨  Подарки на любой вкус — всё в одном месте: экстремальные приключения, релакс и СПА-программы, мастер-классы, арт-терапии и не только!  ✅ 1500+ впечатлений в каталоге ✅ Быстрое и удобное оформление в пару кликов ✅ Лёгкий обмен, если впечатление не по"
39,48270,Cozy Home,https://vk.com/cozyhomerus,Товары для дома,Москва,"Cozy Home – ваш уютный дом🤍  Сеть магазинов уютных и стильных товаров для тех, кто любит свой дом."
40,48238,Самостоятельная Диагностика Авто,https://vk.com/diagnost7,Автомобили,Владимир,"Компьютерная диагностика автомобилей в домашних условиях. Самостоятельная диагностика автомобиля. Самостоятельная автодиагностика. Ремонт автомобилей своими руками. Адаптеры, автосканеры для диагностики автомобилей разных марок. Инструкции по компьютерной диагностике."
41,48155,ВЕЛОСИПЕДЫ•САМОКАТЫ•ЗАПЧАСТИ | АКТИВНЫЙ СЕЗОН,https://vk.com/active_season_official,Велосипеды,Киров,"Госуслуги: № 5059981728 Киров, ул.Маклина,77/3  Велосипеды , самокаты, питбайки, квадроциклы, тюбинги, снегокаты, санки, лыжи, электромобили, коньки, ролики, бассейны, коляски, купить в нашем магазине с гарантией. --------------- ▪️ Работаем на российском рынке с 2012 г.  ▪️ Являемся производителем "
42,48125,Унисон - создаем уют в каждом доме,https://vk.com/unison_lifestyle,Товары для дома,,∞ унисон - бесконечное совершенство стиля ∞ домашний текстиль для современных интерьеров ∞ собственное производство
43,48070,Мастенариум | Mastenarium,https://vk.com/mastenarium,"Украшения, бижутерия ",Москва,"Мастенариум приветствует всех любителей компьютерных игр, кино и литературы. Наша команда вручную создает уникальные ювелирные изделия по мотивам популярных произведений. Ассортимент коллекций регулярно пополняется.   Наши изделия обладают высокой детализацией и широкой вариативностью. Мы используем"
44,47883,Вязание ажурных шалей спицами.,https://vk.com/club_knitting_shawls,Творчество,Ижевск,Тема моей группы - вязание спицами.
45,47866,Кантата,https://vk.com/cantata,"Продукты питания, напитки",Москва,"Кантата – это чай и кофе со всего света, десерты ручной работы и подарки.   Искренняя забота о каждом госте и его комфорте в мире чая и кофе – вот то, что движет нашей компанией все 25 лет ее существования ❤️  Мы в Telegram: t.me/cantata_ru На наш сайт: https://www.cantata.ru/"
46,47798,"Бумажная лоза , плетение обучение Олеся Васылив",https://vk.com/plety_s_olesey,Творчество,Евпатория,"Привет. Я Олеся  И здесь всё про плетение из бумажной лозы       Научу плести красивые и практичные изделия для интерьера     🧺 мастер-классы на самые интересные и востребованные изделия     Подробная информация об обучении в разделе ""Услуги"".     пишите в сообщения https://vk.com/vasiliv_olesya    "
47,47791,Зан-Зан,https://vk.com/zanzanshop,"Продукты питания, напитки",Нижний Новгород,"Мы магазин сладостей и подарков Зан-Зан  Что такое  Зан-Зан?   -  Сладости из Азии, сладости из Америки, сладости из Европы и другие вкусняшки - Подарки, открытки, посуда, аксессуары и многое другое!  Сайт💥 https://zanzanshop.ru/?utm_source=vk&utm_medium=social-media&utm_campaign=head  Ozon💥 ozon.ru"
48,47789,LONGA VITA,https://vk.com/longavita_official,Стоматология,,Номер заявления о регистрации в Роскомнадзоре - №5154598566  Longa Vita — это натуральные и безопасные  средства по уходу за полостью рта для детей и взрослых.  Каждый продукт нацелен на эффективное решение определенных вопросов по уходу за полостью рта и гарантирует видимый результат в домашних усл
49,47774,Мебель 51 Мурманск,https://vk.com/meb51ru,Мебель,Мурманск,"Мебель 51 Мурманск.  Наш интернет-магазин более 5 лет занимаемся продажей и доставкой недорогой и отличной мебели от производителя в Мурманске и Мурманской области.   На сайте представлен каталог мебели, где можно посмотреть кухню, недорогой шкаф или детскую, купить современную спальню, прихожую или"
50,47687,БВРЛИ | Вышивка на одежде,https://vk.com/bvrlyy,"Одежда, обувь",Казань,"Создаем одежду с вышивкой по любой вашей идее, которая греет не только тело, но и душу 🧣  ✿ Бесплатно дорабатываем макет вышивки  ✿ Более 600+ настоящих положительных отзывов во всех соцсетях  ✿ Собственное производство одежды по нашим лекалам  ✿ Доставка по всей России  ✿ Работа по договору  ♡ Подх"
51,47666,"Мастерская ЛЁН. Платья, топы, юбки изо льна",https://vk.com/linendress.store,Пошив и ремонт одежды,Омск,Конструктор льняных изделий Ручная набойка принта и вышивка 🌿🌻🍁 📋Выберте цвет/принт/фасон ✂️Шьем по вашим меркам 🙆Лариса Все вопросы в сообщения группы
52,47641,"Интернет магазин,подарки,ножи.",https://vk.com/club41557329,Охота и рыбалка,DELETED,"Добро пожаловать в нашу группу! Представляем Вашему вниманию! Ножи ручной работы(Из кованной и прокатанной стали,на Ваш выбор). Ножи комплектуются кожаными чехлами(ножнами) с художественными тиснением. Есть возможность исполнения рисунков,инициалов на клинке по Вашим эскизам. А так же изготовление н"
53,47614,Натуральная кожа в Санкт-Петербурге,https://vk.com/kozhaspb,Супермаркет,Санкт-Петербург,"КОКО (кожа и комплектующие) – магазин натуральной кожи, химии и фурнитуры в САНКТ-ПЕТЕРБУРГЕ.    • Работаем от своего сырья (т.е. размещаем сырье на российских и белорусских заводах и производим свои артикулы кожи, полностью контролируя все технические процессы).  • Доставку осуществляем по ВСЕЙ РОС"
54,47528,Самоделкин - Идеи для дома и дачи!,https://vk.com/kreativnyy_dom_dacha,"Строительство, ремонт",Москва,"Самоделкин - Идеи для дома и дачи! У нас очень активная группа подпишитесь и следите за обновлениями.  Самоделкин - Идеи для дома и дачи! *В разделе ""Статьи"" вы найдёте для себя много тем.  *Самоделкин - Идеи для дома и дачи! Ждём ваши работы в   ""Сообщении группы"" и мы с радостью их  опубликуем!  С"
55,47496,ОХОТНИЧЬИ РУЖЬЯ БУ,https://vk.com/bu_guns,Охота и рыбалка,,"Кто зашёл с VPN или не из России, тот может видеть группу. Группа заблокирована на территории России, по не понятным причинам! Объяснений нет УВЫ. Стена этой группы закрыта, Вы можете размещать объявления в другой нашей группе: vk.com/bu_gun Спасибо за поддержку."
56,47454,Molotov Store,https://vk.com/storemolotov,Часы,Москва,Работаем с 2011 года  При покупке двух товаров третий в подарок 1+1=3
57,47437,Фабрика мебели «38 Попугаев»,https://vk.com/mebel38popugaev,Мебель,Ижевск,Истории счастливого детства!  Мы производим стильную мебель для детей.   - Доставка по России - Бесплатный макет комнаты - Личный менеджер - Ежемесячные акции и скидки - Мебель по Вашим размерам  Ресурс включён в перечень Роскомнадзора https://gosuslugi.ru/snet/67a307f71b17b35b6c005aa0
58,47348,"Кератин, ботокс, нанопластика",https://vk.com/keratinstyle24ru,Салон красоты,Красноярск,"№ 5034848815  ✅ 16 ЛЕТ НА РЫНКЕ СОСТАВОВ ДЛЯ ВОЛОС  Наш адрес  г. Красноярск, ул. Карла маркса 95, к1, оф 418 Мы работаем с 13 до 19 Воскресенье всегда выходной день. Звоните  8 913 189 95 70  Все товары в наличии - https://vk.com/market-91748875  Заказать легко: • пишите в сообщения группы vk.me/ke"
59,47348,Логопедические игры,https://vk.com/club190609339,Образование,Иваново,Группа предназначена для логопедов и заботливых родителей. Заявления о регистрации в Роскомнадзоре №4959766054  https://knd.gov.ru/license?id=678a3db38e552d6b54cedb05&registryType=bloggersPermission
60,47326,VosidBrand | Садовод Женская одежда К Б 2Г-45,https://vk.com/club176529722,"Одежда, обувь",Москва,"Мы находимся на рынке ""Садовод"",  Корпус Б 2Г45  2. Как оформить заказ❓ Отправьте в личные сообщения фото вещей с размерами или альбом ➡Мы уточняем по наличию и считаем сумму заказа➡Вы оплачиваете➡Мы отправляем🚗💨  Так же заказ можно отправить на  ✓️ WHATSAPP    +7(9261670744  3. Чьё производство❓ Мы"
61,47294,ZTE Россия,https://vk.com/zterussia,Оператор мобильной связи,Москва,"Добро пожаловать на официальную страницу ZTE Россия!  Здесь вы одними из первых узнаете о наших новинках, получите необходимую информацию (сервис и поддержку) по текущим моделям! Помимо этого, вас ждут интересные конкурсы и викторины с розыгрышами телефонов, уникальные предложения, а также новости, "
62,47292,Premium Shop | Садовод Корпус А 2В 14,https://vk.com/premium_land,"Стиль, одежда, обувь",Москва,"Поставщик премиальных вещей и аксессуаров!  🔸 Отправляем от 1 шт  🔸 Через посредников и самовывоз так же от 1 штуки, без примерки 🔸 Бронь от 1 единицы товара по 100% предоплате 🔸 Мы находимся: г.Москва, ТК Садовод  Корпус A Линия в 14 2 этаж   Перед заказом ознакомьтесь с нашими условиями https://vk"
63,47215,SIROJ SHOP | Мужская одежда | Садовод ст6-35а,https://vk.com/club198704873,"Одежда, обувь",,Добро пожаловать в наш магазин 👑 Наш магазин находится в УТК Садовод. Место ст6-35а в конце линии 16 Наши условия: 🔹 Минимальная сумма брони можно 1 штук От 1 штук можно заказать   🔹 Отправляем: Все ТК и Автобусы каждый день ( вы должны дать данные автобуса ) 🚛📦 и Почтой РФ  🛍Самовывозом: от 1 штук 
64,47147,ВЯЗАНИЕ — ПЕРЕВОДЫ ОПИСАНИЙ СПИЦАМИ И КРЮЧКОМ,https://vk.com/hand_made__blog,Творчество,,Любишь вязать🧶 - давай дружить 🤝. В нашей группе  вы можете приобрести👇перевод описания на #кардиганы #свитера #носки #шали #бактусы #пуловеры
65,47073,KROMAX. ENDEVER,https://vk.com/kromaxgroupcompanies,Бытовая техника,Москва,"Техника для уютного дома, создай уют с техникой ENDEVER!  РНК № 6133285456"
66,47058,Garage.Izh | Кроссовки и спортивная одежда,https://vk.com/garageizh,"Одежда, обувь",Ижевск,"Хочешь выглядеть стильно и дорого? 😏 » Всего лишь надо купить мужскую и женскую одежду и обувь в магазине Гараж || Ижевск и Воткинск!  📦 Доставка по всей России  Выбирая нас, ты получаешь:  • ТОПовые НОВИНКИ • ВЫГОДНЫЕ цены • отличное КАЧЕСТВО 🎁 Подарок к каждому заказу!  Стильные люди — наша ответс"
67,47014,"LinoRusso - одежда изо льна, шьём в РФ и Италии",https://vk.com/eco_wear,"Стиль, одежда, обувь",Москва,"Модная дизайнерская женская и мужская одежда из натуральных тканей. Производство в России и Италии, безупречная репутация более 15 лет!  Размерный ряд от 42 до 60  Бесплатная доставка по России  Возможность примерки Гарантия качества от производителя/ обмен и возврат товара Оплата при получении Шоур"
68,46987,FARRUH (Обувь оптом ),https://vk.com/club147261683,Закрытое сообщество,Москва,ОБУВЬ Только Оптом 🤗 Место ТЦ САЛЮТ 3/ТЦ1-13               FARRUH Тел +7 (926)682-59-77
69,46966,Фестивали России,https://vk.com/festivali_rossii,Интернет-СМИ,Москва,"Рег. РКН № 5061689550  Сообщество Фестивали в России 2026 года - Главный по фестивалям.  Фестивали в России 2026 года — это яркое и многообразное явление, отражающее богатство культурного наследия страны и современные тенденции в искусстве. Ежегодно в разных уголках России проходят десятки фестивале"
70,46958,Учебный центр косметологии «Аравия»,https://vk.com/academy_aravia,Обучающие курсы,Москва,"Учебный центр «Аравия» – это:  ✔ одна из лучших школ шугаринга в России и СНГ; ✔ авторские учебные программы по направлениям: шугаринг, уход за кожей лица и тела, SPA-уход за кожей рук и ног; ✔ представительства во всех регионах России и стран ближайшего зарубежья; ✔ 250 технологов-преподавателей; ✔"
71,46917,"ВЫКРОЙКИ, МК, ДЕТЯМ.РУКОДЕЛИЕ. Milamo",https://vk.com/mir.milamo,Товары для детей,,"Добро пожаловать в нашу группу! 💥В ней мы собираем самые лучшие идеи для творчества! 💥Вдохновляем и поддерживаем друг друга. 💥Находим интересные выкройки и МК 💥Делимся фотографиями своих работ, своими выкройками и МК. 💥Не стесняемся спрашивать совета.   Пожалуйста, общайтесь дружелюбно, не размещайт"
72,46916,BIGMENOV МУЖСКАЯ ОДЕЖДА И ОБУВЬ,https://vk.com/bigmenov,"Стиль, мода",Москва,"Мужская дизайнерская одежда и обувь, для настоящих ценителей моды и стиля."
73,46909,Celvins - изделия ручной работы,https://vk.com/celvins,"Одежда, обувь",Москва,Celvins - бренд-производитель изделий из натуральных материалов.   ➜ С 2008 года создали более 20000 моделей женской и мужской обуви и более 10000 изделий верхней одежды   ➜ Предоставляем гарантию 90 дней на нашу обувь и верхнюю одежду  Посмотреть весь каталог и приобрести модели из наличия можно на
74,46885,Цветы Саранск | 13ROSE,https://vk.com/cveti_saransk_13,Цветы,Саранск,"Цветы Саранск 🌹  Бесплатная доставка на сумму заказа от 1800₽ с 8:30 до 20:00 по г. Саранск - Если сумма заказа менее 1800₽, стоимость доставки 150₽ с 8:30 до 20:00 по городу - #13ROSE  САМЫЕ НИЗКИЕ ЦЕНЫ!!!🙀  +7 (960) 330-46-77   Московская 34 | Большевистская 11 | 70 Лет Октября 70 | Ульянова 85 | "
75,46846,Аванпост,https://vk.com/bezpovoda,Активный отдых,Можайск,"КОННЫЕ ПРОГУЛКИ  Круглый год каждые выходные Работаем с начинающими и сильными всадниками Стоимость 3500 рублей Продолжительность 2 часа  16+, с детьми не работаем  Бронирование онлайн. Запись доступна на 10 дней вперед (открывается в четверг в 11:00 на выходные следующей недели) https://n396692.ycl"
76,46812,Магазин кроссовок Funky Dunky,https://vk.com/funkydunkyshop,Спортивная одежда и обувь,Краснодар,Только оригинал. Концептуальные бренды и лимитированные кроссовки. Работаем с 2011 года. • Магазин в Краснодаре • Быстрая доставка  Актуальный ассортимент на сайте: funkydunky.ru/?rs=vk  Оплата и доставка: vk.cc/c93K44  Обмен и возврат: vk.cc/cu7aN7  Программа лояльности: vk.cc/cu7aS8
77,46756,ПОДЕЛКИ САМОДЕЛКИ (своими руками),https://vk.com/podelki_diy,Творчество,Судак,"№ 5253268235 Официальная группа ПОДЕЛКИ САМОДЕЛКИ! Интересные идеи поделок для детей и их родителей 👍  Раскрой свой талант с ПОДЕЛКИ САМОДЕЛКИ!  Делимся интересным и полезным, вдохновляем на креатив! НАШ МАГАЗИН на ВБ https://www.wildberries.ru/brands/2683728-podelki-samodelki  В нашей группе вы мож"
78,46689,Цветы Искусственные Садовод,https://vk.com/flower32linia70,"Одежда, обувь",Москва,"✅ Если в заказе не хватило товара — вопрос решаем ТОЛЬКО по видео распаковки мешка!  📍 Как с нами связаться: 💬 Заказы принимаем только в мессенджерах: MAX, WhatsApp, Telegram  🏬 Наша точка: Москва, рынок «Садовод», линия 31, место 48  📞 Контакты для заказа (пиши в любой мессенджер): 📱 +7 (910) 001-8"
79,46565,Mad Wave,https://vk.com/madwave_rus,Водный спорт,Санкт-Петербург,"РКН: https://vk.cc/cS0AAp  Mad Wave — один из международных лидеров в производстве товаров для плавания.   Ассортимент компании насчитывает более 2 000 наименований: стартовые гидрокостюмы, инвентарь, тренажёры, купальники, плавки, шапочки, очки и другие профессиональные аксессуары для плавания.  На"
80,46533,Бизнес по-христиански. Сергей Коростелев о вере.,https://vk.com/36and6blog,Бизнес,,"Дочитай до конца, там подарок  #знакомство со мной ♥️  Рекомендую программу ""Свобода от долгов""  https://t.me/businesspochectnomy_bot?start=kfm  Коротко обо мне(короче не напишешь)) Сергей Коростелев.  Тюмень. Христианин. Многодетный отец.   🟤Управляю  Dream Group(Банк услуг) потенциал выручки УК к "
81,46500,РЕЧНЫЕ ПРОГУЛКИ УФА. РФ,https://vk.com/progulkiufa,"Туризм, путешествия",Уфа,"Расписание речных прогулок ежедневно каждый час , бесплатный билет в день рождение. Телефон для справок+73472000490, +79273200098"
82,46499,Перегон техники,https://vk.com/vecerhny_prigon,Автомобили,,"Начиная с 2009 года мы развивались и совершенствовались. Сейчас наша фирма одна из самых влиятельных поставщиков техники из России в ДНР, ЛНР, РБ. Имея штат профессионалов из 20 человек на рынках России, Беларуси, доставке и в автосервисе мы с чистой совестью заявляем, что, обратившись в нашу фирму "
83,46475,Академия Мебели,https://vk.com/academy_mebel29,Мебель,Архангельск,"✔ Компания №1 по количеству положительных отзывов  ✔ 10 лет на мебельном рынке Архангельской области  ✔ Собственное производство  ✔ 5 ступеней контроля качества  ✔ Большая команда профессионалов с общим стажем работы более 200 лет  ✔ Большой ассортимент качественных материалов, даже на самый взыскат"
84,46472,Балт Сервис магазин| Подарки на заказ,https://vk.com/baltservis_shop,Закрытое сообщество,Санкт-Петербург,"🔥Ваши награды заслуживают лучшего   Балт Сервис магазин — это 10 лет опыта в создании стильных и качественных подарков с уникальным дизайном, которые помогают сохранять самые ценные моменты ваших достижений.   👉Розница, ОПТ,  Дропшиппинг и модель CTM (производство под вашим брендом).  Почему выбираю"
85,46472,Парк Сказов,https://vk.com/parkskazov,Отдых на природе,Екатеринбург,"Большой тематический Парк на берегу реки в 20км от Екатеринбурга.  Интерактивные представления со сказочными героями, программы для организованных групп, корпоративы, банкеты, свадьбы, ресторан, гостевые дома, парк-отель, большой шатер на берегу и беседки. Дарим сказку круглый год!  ☎ Узнайте больше"
86,46460,Арена Спорта | Шиповки | Кроссовки | Экипировка,https://vk.com/arensporta,Лёгкая атлетика,Тюмень,"✖ Меню группы : https://vk.com/page-63430649_46687635  ✖ Интернет-магазин спортивных товаров для легкой атлетики, плавания, фитнесса и многого другого...  ✖ По всем вопросам писать менеджеру : [id497036762|Алине Пестовой].  ✖ Доставка по всему миру."
87,46452,Romantic/ Цветы  Рязань-Рыбное / Доставка цветов,https://vk.com/salon_romantic,Цветы,Рязань,"Доброго времени суток 🌞  Флористическая мастерская Romantic 🌹рада приветствовать Вас!  Если Вы решили создать праздник души для себя и своих близких, то наши мастера готовы воплотить любой Ваш творческий порыв ❤  Обращаясь к нам, Вы получаете:  ✅ Цветы премиального качества и широкий ассортимент экз"
88,46409,Север,https://vk.com/sever,"Стиль, мода",Мурманск,"«Север» - российский бренд одежды и аксессуаров, вдохновленный идеями уличного стиля и традициями Русского Заполярья. Качественные материалы и дизайн, смелые цвета и принты в наших коллекциях ориентированы как на представителей молодежных субкультур, так и на людей, просто неравнодушных к хорошим и "
89,46348,NM СLUB АВТО,https://vk.com/nm_store19,Электроника,Абакан,"🔺Официальное сообщество NM CLUB АВТО🔺 АВТОБЛОГ ИЗ СИБИРИ🌲 Автомобили, iPhone и другие подарки дарим нашим подписчикам в стимулирующих акциях🔥  🔺Интернет магазин оригинальной техники📱 NM Store Доставка по всей России СДЭКом📦  Гарантия на всю продукцию 1 год!  Номер регистрации канала в Роскомнадзоре "
90,46250,Распродажа женская одежда к.А ⁠2Б-69 ТЦ Садовод,https://vk.com/rasprodaza_sadovod,"Одежда, обувь",Москва,"Женская одежда оптом и в розницу рынок Садовод  2Б-69 Корпус А  🌹🌹🌹Условия сотрудничества:🌹🌹🌹 1.Мы находимся в г. Москва,14 км МКАД Рынок САДОВОД. Крытый торговый центр САДОВОД 2 ЭТАЖ ,(2Б-69 корпус А)🌹🌹  2. ЧАСЫ работы с 07.00 до 18.00 без Выходных ⏰  3.товар мы бронируем, только по Предоплате 100%"
91,46209,Детская одежда | оптом и в розницу,https://vk.com/detki_0pt,Детская одежда и обувь,Москва,"Наш адрес: Г.МОСКВА   Доброго времени суток, дорогие покупатели! Работаем только отправкой!  Условия работы и часто задаваемые вопрос:  1) Как оформить заказ?  Весь наш ассортимент на стене, все что выложено на стене есть в наличии. -Отправляйте в личные сообщения фото товара с количеством, или дела"
92,46136,4130 Shop,https://vk.com/shop_4130,Спортивные товары,Санкт-Петербург,• BMX и запчасти для БМХ • Kickscooter Трюковые самокаты и запчасти • Дистрибьютер Profile Racing https://www.profileracing.com/ • Онлайн магазин https://4130shop.ru/ • Розничный магазин в Санкт-Петербурге: ул.Правды 4 • Наш Instagram: 4130_shop • Email: 4130.office@gmail.com • Отправляем по всей Ро
93,46099,"ЛЕНИФЛОРА (ЦВЕТЫ, САЖЕНЦЫ, РАСТЕНИЯ ДЛЯ САДА)",https://vk.com/leniflora,"Товары для дачи, огорода",Санкт-Петербург,"№ 4925986807 от 12.12.2024 (заявление в Роскомнадзор на  ""Регистрацию канала или персональной страницы»)  https://knd.gov.ru/license?id=6762bef940af125d6a4d96b4&registryType=bloggersPermission   РАСТЕНИЯ ДЛЯ ВАШЕГО САДА И ДОМА!   Большинство растений выращиваем сами в Ленинградской области. Предлага"
94,45999,Intera | Дизайн интерьера и ремонт,https://vk.com/creativemindset17,Дизайн интерьера,,"Показываем оригинальные решения для оформления, чтобы каждое пространство в вашем доме стало отражением вашей личности и дарило ощущение уюта и спокойствия ✨ РКН № 7173351482 https://gosuslugi.ru/snet/69e20b8f66f05fb742e57870"
95,45953,"Рукоделие, вязание, Handmade, DIY",https://vk.com/club106384783,Другие хобби,,"№ 4778692622 В соответствии с частью 1.2 статьи 10.6 Федерального закона от 27.07.2006 № 149-ФЗ «Об информации, информационных технологиях и о защите информации» уведомляем о включении Рукоделие, вязание, Handmade, DIY, расположенной по адресу vk.com/club106384783, в перечень персональных страниц, о"
96,45864,Медицинская одежда из Турции,https://vk.com/prolinebiz,"Одежда, обувь",Краснодар,Магазин ProLine - официальный представитель турецкого бренда медицинской одежды CizgiMedikal в России.  💹 Высокое качество. Сделано в Турции 📦 Доставка по всей России и СНГ 💳 Оплата при получении ✅ Легкий возврат ☎️ 8 (800) 300-43-32 Магазины: Пермь и Краснодар  [https://max.ru/u/f9LHodD0cOJ6vTi8uqD
97,45840,Комнатные цветы.Пеларгонии.Фиалки. По России.,https://vk.com/tsveti6006,Садоводство,Елец,"Пеларгония. Выращивание, уход. Магазин"
98,45755,Аксессуары для волос,https://vk.com/archqadir_731,Ювелирные изделия,Москва,"Заявление № 5429812689  Дорогие друзья!!!!!!  Наше место Садовод КОРПУС Б  3 ЭТАЖ  Г-45(СКЛАД)  Минимальный заказ от 2000РУБ, бронь от 500РУБ( Можно Ваш посредник или вы сама забрать Заказ или Бронь на это Адрес)👇   ТК САДОВОД 8⃣ ЛИНИЯ  0⃣3⃣ ПАВЕЛЬОН.или КОРПУС Б 2 ЭТАЖ(Возле Администрация)   Наш ко"
99,45752,DarDav • Детская мебель,https://vk.com/dardav.mebel,Мебель,,"📋Сертификат качества по ГОСТ ❤️Производитель детской мебели ""DarDav"".  🧡Весь ассортимент на нашем сайте www.dardav.ru 💛Заказ по телефону: 8-937-600-4242 (What’s app) или через менеджера Олеся Зотова https://vk.com/id48866843 💚Отправка мебели по всей России, в Казахстан, Беларусь и др возможные стран"
100,45687,Calzedonia,https://vk.com/calzedoniaofficial,"Одежда, обувь",,"Итальянский модный бренд по производству чулочно-носочных изделий, а также пляжной одежды и купальников. Calzedonia производит продукцию для женщин, мужчин и детей.  Регистрация в перечне РКН: https://knd.gov.ru/license?id=678a3f9a96de59064deb35b7&registryType=bloggersPermission"
101,45679,"Магазин клуб ""Первый Рыболовный""",https://vk.com/fishingkotlas,Охота и рыбалка,Котлас,"Магазин-клуб ""Первый Рыболовный"" ✅ Широкий ассортимент товаров для рыбалки ✅ Оригинальный камуфляж тм Барс ✅ Товары для туризма и активного отдыха ✅ Консультации опытных рыбаков ✅ Скидки постоянным клиентам  У нас в магазине Вы можете приобрести рыболовные снасти ведущих брендов,  и их бюджетные ана"
102,45625,АВТОВРАССРОЧКУ.РФ || Автомобили в рассрочку,https://vk.com/kupiavtonsk,Аренда автомобилей,Новосибирск,"Любой авто в рассрочку! Комфортный график платежей! Кредитная история не важна!  Срок сделки до 4 лет. Возможность досрочного погашения!  Просто, доступно, честно! 9 лет на рынке Сибири!  Подробные условия вы можете узнать по телефону или оставив заявку в группе или на нашем сайте.   ☎: 38-199-38, 8"
103,45622,ZOLLO ювелирные салоны | Киров,https://vk.com/zollokirov,Ювелирные изделия,Киров,Ювелирная распродажа🕐  - скидки до -60% на золото из выделенной коллекции - скидки до -80% на серебро   💎 Уже 20 лет для нас Вы - главная драгоценность! 💎 Сотрудничество с крупнейшими ювелирными брендами России. 💎 Приемка золота ДОРОГО до 9800 руб/грамм. 💎 Доставка по России.  Ювелирные салоны ZOLLO
104,45616,Librederm Laboratories,https://vk.com/librederm,"Парфюмерия, косметика",Москва,"Librederm — международный бренд косметических и дерматологических средств. Лидер в увлажнении кожи лица. №1 в очищении и антивозрастном уходе.  Эксперты бренда создают только то, что нужно вашей коже для красоты, молодости и здоровья. Продукты бренда производятся на собственной экспертной GMP площад"
105,45606,женская одежда,https://vk.com/luxsadovod9686559610,"Одежда, обувь",Москва,"Женская одежда,! Заказы принимаем в двух мессенджерах, Вотсапп +79686559610 либо администратор группы  https://vk.com/ibrohim9686559610 Условия сотрудничества   ❤️ Наши торговые каталоги:  Женская Одежда   💬Мы находимся: 📍на 27-76  ⏳Часы работы с 06:00 до 18-время московское.  🍓 Мы предоставляем фот"
106,45534,Академия Лоскутного Шитья,https://vk.com/academie_ls,Дополнительное образование,Москва,"Лоскутное шитье — это медитация, искусство и математика в одном флаконе. Академия  Лоскутного шитья Лады Христенко раскрывает этот код. Мы не просто учим шить — мы учим видеть красоту в деталях и создавать сложные геометрические полотна. Онлайн-курсы, которые взрастили плеяду победителей конкурсов. "
107,45521,"Мастерская СВАРОГ (славянские обереги, браслеты)",https://vk.com/club101521599,Ремонтная мастерская,Омск,"Материалы данной группы  не являются публичным призывом к выполнению каких-либо действий. Мы крайне осуждаем любые формы экстремизма. Наше дело - это изготовление изделий, мы не несем никакой идеологии.   ПРИНИМАЕМ ЗАКАЗЫ НА ИЗГОТОВЛЕНИЕ ИЗДЕЛИЙ. ЛЮБЫЕ ПОДВЕСКИ, СЕРЬГИ, ОБРУЧАЛЬНЫЕ КОЛЬЦА, КОЖАНЫЕ Ш"
108,45507,"Интерьер и Декор для дома ""Kristy Home""",https://vk.com/kristyhome,Товары для дома,,"Подписывайтесь на сообщество, чтобы быть в курсе акций, скидок и новинок Kristy Home, а также, чтобы участвовать в наших конкурсах 😘  В Kristy Home вы найдете все, чтобы преобразить свой дом и сделать его уютнее по доступным ценам.  Как оформить заказ?  ◽️Пишите в Личные сообщения https://vk.me/kris"
109,45506,M.A SHOP,https://vk.com/m.a.shop96,Товары для дома,Москва,"❤️Наш адрес: Г. Москва, 14-ый км МКАД, ул. Верхние поля. Рынок Садовод. Корпус А - 1 этаж - Ряд Б - Место 27 . Заказ принимать через Ватсап: +79067899696"
110,45491,Karnaval 29.рф Цветы & Шары,https://vk.com/shary29,Цветы,Архангельск,"Цветы & Шары Архангельск. БЕСПЛАТНАЯ доставка цветов. - Выполняем более 1150 доставок букетов в месяц. Круглосуточно 24/7. Заказ роз по отличной цене.   ✅ Заказать букет 👉 vk.me/shary29  - Более 3650 отзывов о наших букетах! - Yandex 5,0. Google 4,9.  2Гис 5,0. Сеть магазинов цветов и воздушных шаро"
111,45446,ТС Петр&скй,https://vk.com/retail29,"Продукты питания, напитки",Архангельск,"«Петр&скй» — сеть продуктовых магазинов, расположенная в Архангельске, Северодвинске и Новодвинске. Каждый день мы открываем двери для 60 тысяч покупателей.   Принципы нашей компании всегда остаются незыблемыми — это качественная и свежая продукция, широкий ассортимент и комфорт покупателей.  Гордос"
112,45433,ИДЁМ В ПОХОД! - пешие походы в горы,https://vk.com/idem_pohod,Активный отдых,,"Номер заявления Роскомнадзор № 5337738804.  Если вы любите активный отдых, природу, бывать в новых местах, жить в палатке, сидеть под звездами у догорающего костра в приятной компании - значит, вы любите походы. Мы -  Клуб любителей активного отдыха в горах : организовываем и водим туристические пеш"
113,45373,Мастерская Santaniel,https://vk.com/santani,Художник,Москва,"В этой группе представлены авторские куклы Santani.  ОБЯЗАТЕЛЕН к прочтению раздел ""О НАШЕЙ ГРУППЕ, ПРАВИЛА"""
114,45368,Юлия Имукина | ВЯЗАНИЕ спицами МК «Свяжи сама»,https://vk.com/svyazhi_sama,Творчество,Краснодар,"Свяжете с 1-го раза Свитер/Платье/Кардиган Мастер классы для новичков Pdf 8-10 листов + подобные видео урок.  № 4860837687  Страница "" Юлия Имукина | ВЯЗАНИЕ спицами МК «Свяжи сама» "" включена в перечень персональных страниц, объем аудитории каждой из которых составляет более десяти тысяч пользовате"
115,45317,Стельки для обуви,https://vk.com/m1_insoles,Творчество,Москва,"Стельки для обуви для всей семьи Детские, Женские, Мужские."
116,45315,Салфетки крючком: вязание с Ольгой Смирновой,https://vk.com/club67380892,Творчество,Изобильный,"Добро пожаловать в уютное сообщество вязальщиц (ков), где каждый может создавать изумительно красивые салфетки крючком с помощью наших подробных схем и бесплатных видео мастер классов!   Я предлагаю вам схемы самых красивых салфеток, найденные в свободном доступе в интернете, а те, которые меня особ"
117,45272,Маркет ЖКХ,https://vk.com/clubmarketgkh,Строительные и ремонтные работы,Пермь,Услуги и товары для многоквартирных домов.   Капитальный ремонт по самым современным и эффективным технологиям с гарантией 15 лет.  Рассрочка до 24 месяцев.   Сотрудничество/реклама: 2039333@mail.ru
118,45242,Кулинарная мастерская Игоря Шугаева,https://vk.com/thechefru,Кулинария,Санкт-Петербург,"Ну что, давайте по-честному — всегда ли у вас вдохновение на кухне и все ли сохраненные рецепты в закладках получаются?! Меня зовут Игорь Шугаев, я профессиональный повар и основатель онлайн школы для кондитеров The-Chef.ru И в этом сообществе вы сами того не заметите, как лишитесь этих проблем:)  С"
119,45219,Из Уфы на выходные | Tуризм | Экскурсии | Сплавы,https://vk.com/ufaweekend,Активный отдых,Уфа,"Планируете интересные и активные выходные на Южном Урале и в Республике Башкортостан?  Вам стоит обратить внимание на наши туры! Добро пожаловать в сообщество туристической компании «Из Уфы на выходные», где мы предлагаем широкий выбор туристических маршрутов и экскурсий, чтобы познакомиться с удиви"
120,45129,Exclusive shoes ОБУВЬ ОПТОМ ТЯК Москва,https://vk.com/arazopt,"Одежда, обувь",Москва,"Залог успеха: Стабильность и качество работы !!! Заказы принимаются через  личные сообщения. WhatsApp,  +7 915 466-30-30 Телеграм https://t.me/araz_shoes_sadovod Работаем только по ПОЛНОЙ предоплате."
121,45098,Автобусные туры по России | #ПоРоссиисРюкзаком,https://vk.com/backpackerrussia,"Туры, экскурсии",Белгород,"Автобусные туры из: Москвы, Белгорода, Губкина, Старого Оскола, Воронежа.   -324 авторских маршрута по России. -Больше 10 000 довольных туристов!  ▫️Мы делаем ХОРОШИЕ ТУРЫ.  ▫️Ездим на НОВЫХ автобусах.  ▫️Самые крутые и насыщенные программы (по сравнению с аналогичными у коллег)  ▫️Наши туры для тех"
122,44791,SERGINNETTI | Cеть магазинов женской одежды,https://vk.com/serginnetti,"Стиль, мода",Казань,"Доставка по всей России и бесплатная примерка перед покупкой на сайте serginnetti.ru.  Более 100 магазинов.  SERGINNETTI уже более 20 лет позволяет девушкам чувствовать себя особенными и уверенными в себе.   SERGINNETTI - стиль, вдохновляющий проявить свою индивидуальность.  Наши покупатели – активн"
123,44643,Путевка Маркет — туристический дискаунтер,https://vk.com/putevka.sale,Туристическое агентство,Москва,"Все, что вы хотели от путешествий, но по меньшей цене!   Задать вопрос / Подбор тура: https://vk.cc/bZASXu Супербот горящих туров в Telegram: https://vk.cc/cLPiEB Отзывы о нас:  https://vk.cc/bZZYGB Подписка на сообщество https://vk.cc/bZZYUU Горящие туры: https://vk.cc/bZKztG Акционные авиабилеты: "
124,44626,"Обувь Только Оптом | ТЦ ""Салют"" 3-4-20",https://vk.com/obuv_optom_3_4_20,"Стиль, одежда, обувь",Москва,"▪️По заказам вы можете написать на What`s app или ТЕЛЕГРАММ - +7-926-586-05-53  Наш ТЕЛЕГРАММ канал:  https://t.me/krossovokopt  ▪ Работаем ОПТОМ ▪ Самовывоз от 1 коробки. для интернет-магазинов, посредников и вообще всех!  ▪️Время работы с 08:00 до 19:00 без выходных  ТЦ САЛЮТ 3-4-20"
125,44611,Декоративные кролики и другие породы,https://vk.com/krolik_szs,Домашние и дикие животные,,Группа для владельцев и заводчиков породных декоративных кроликов и не только.
126,44584,Бренд Masha Goryacheva | Женская одежда,https://vk.com/mashagoryachevashop,"Одежда, обувь",Самара,"MASHA GORYACHEVA — российский бренд одежды с собственным производством полного цикла.   Более 18 лет мы создаем образы в различных стилях для женщин с 38 по 54 размер!  Ежедневно сотни посылок отправляются по разным городам и странам, онлайн-стилисты бренда подберут модель и размер с идеальной посад"
127,44575,ЭКТОНИКА,https://vk.com/ektonika,"Народная музыка, фолк",Ижевск,"Эктоника - проект по популяризации и продвижению удмуртской культуры.  Эктоника - это традиционная Удмуртская культура в современной обработке. Оригинальный и уникальный проект, который не имеет аналогов в России.   Дискотека Эктоника: Выездной проект ""Эктоника"" в вашем клубе. Диджеи, ведущий и наст"
128,44544,Доставка цветов в Кирове Цветы Мечты,https://vk.com/dream_flowers43,Цветы,Киров,"Флористический салон ""Цветы Мечты"" 🚚 Доставка по Кирову в течении 1 часа!  🏪 ул. Ивана Попова 93 ☎️ 73-00-20 🏪 ул. Московская 185 ☎️ 26-70-30 🏪 Октябрьский проспект 157 ☎️ 73-30-60 📱 WhatsApp/Telegram +7(922)941-00-20 Заявление РКН  № 4942705294"
129,44519,Kerasys — Корейская косметика для волос,https://vk.com/kerasys_russia_official,"Парфюмерия, косметика",Москва,"Корейская косметика Kerasys — это профессиональный уход за волосами у вас дома.   Благодаря идеальному сочетанию инновационных технологий и натуральных экстрактов, Kerasys эффективно восстанавливает поврежденные, ослабленные волосы, возвращая им силу, здоровье и красоту.  Подписывайтесь на новости, "
130,44453,Вяжем игрушки крючком. Создаем мастер-классы,https://vk.com/toyfabric,Творчество,Санкт-Петербург,"Ты любишь вязать игрушки и мечтаешь создавать свои мастер-классы? Добро пожаловать в тёплое пространство, где твои идеи оживут, если ты по-настоящему хочешь ! 🧸  Здесь тебя ждут:  🧶 вдохновение и уют, 📷 полезные уроки по вязанию игрушек, 💬 прямые эфиры и живое общение, ✨ поддержка и шаги к твоему пе"
131,44426,Благотворительная мастерская 'Дома слепоглухих',https://vk.com/puchkovomaster,Благотворительная организация,Троицк,"🔅 Ручная работа: подарочные наборы, игрушки, сувениры.  🔅 Дари подарки в самое ❤ 🔅 Ваша покупка — это не просто вещь, а вклад в реальную помощь. 🔅 Мастерская при Доме слепоглухих в Пучково. 🤝 Ссылка на благотворительный магазин ДСГ https://www.domsg.ru/catalog/  Адрес: 1А, д.Пучково, поселение Перво"
132,44317,CoCoBox Магазин косметики и украшений,https://vk.com/coco_box,"Парфюмерия, косметика",Липецк,▫️Самый популярный магазин в Tik-Tok✌🏻 ▫️Косметика и украшения высшего качества 👍🏻 ▫️Готовые подарочные наборы 🤌🏻  Магазин активно работает с 2021 года!  Более 5000 отправленных заказов по всей России! Вкладываем в наборы не только косметику и украшения но и душу 🤍  Организация💳 ИП Фурсова Валерия Д
133,44174,Горящие туры ТЛ-ТУР. Самара.Тольятти. Ульяновск.,https://vk.com/tl_tur,"Туры, экскурсии",Тольятти,"Лучшие цены на путевки в Турцию, Египет, ОАЭ, Индию с вылетом из Самары.  ТЛ-ТУР - туристическое агентство работающее с июня 2002 года. Нам уже более 20 лет! У нас несколько собственных офисов в Тольятти и Самаре, а также более 3 представительств в Сызрани, Ульяновске и Димитровграде. Возможно onlin"
134,44160,ОДЕЖДА И ОБУВЬ SNEAKERSHOT,https://vk.com/club212574882,Творчество,Красноярск,"Магазин спортивной одежды и обуви Наш адреса:  г.Красноярск , ул.Партизана Железняка 50 г.Красноярск , ул. Проспект Свободный 44"
135,44093,МИР ПАРФЮМА И КОСМЕТИКИ,https://vk.com/club173719693,Другие товары,Москва,"Магазин парфюмерии и косметики. Мы находимся г. Москва, УТК Садовод, Корпус Б ЭТАЖ 2 РИЯД :Д:39 Телефон WhatsApp 89264497000  Ибрагим."
136,44011,Рыбалка в Тюмени (открытая группа для рыболовов),https://vk.com/ribalka72ru,Рыбалка,Тюмень,"Эта группа для активных людей увлеченных рыбалкой и всем, что с ней связано. По вопросам рекламы обращаться к [id121082454|Администратору группы] Ни хвоста Вам, Ни чешуи!"
137,44010,Ювелирная Мастерская АлексФокс (AlexFox),https://vk.com/alexfoxjewelry,Ювелирные изделия,Санкт-Петербург,"Добро пожаловать в нашу Ювелирную мастерскую АлексФокс (AlexFox) — место, где каждое украшение создано с любовью и вниманием к деталям.  Наша мастерская сочетает в себе традиционные техники и современные тренды, благодаря чему мы создаем уникальные украшения, которые вызывают восхищение и интерес.  "
138,43990,Пальто и плащи MiLtex,https://vk.com/miltex,"Одежда, обувь",Санкт-Петербург,"Актуальное наличие и цены в нашем интернет-магазине: www.miltex.su 8 (812) 331-78-36 +7-952-389-25-66  Адрес магазина при фабрике: Санкт-Петербург, ул. Ворошилова, дом 2, Деловой Центр ""ОХТА"", проходная на улицу, БЦ СИГНАЛ, 1 этаж, 2 помещение.  Для входа в центр требуется документ, удостоверяющий л"
139,43975,Школа нутрициологии (проект PRO-ТЕЛО),https://vk.com/club207743430,Обучающие курсы,,"ОЛЬГА ЗЕМЛЯКОВА   ✅ практикующий нутрициолог; ✅ автор трех книг по питанию в издательстве ""ЭКСМО""; ✅ основатель Международной Онлайн Школы Интегративной Нутрициологии (МОШИН); ✅ член ассоциации нутрициологов России; ✅ автор ряда публикаций в СМИ."
140,43967,Авторская одежда | Дина Ханнанова,https://vk.com/hannanovadina,"Одежда, обувь",Нижний Новгород,"Сначала родилась мечта - создавать особенную одежду «с характером» , для особенных девушек и женщин:   • одежду, транслирующую благородство, женственность, элегантность, магнетизм и одновременно явный характер; • одежду, которая не будет «съедать» мою природу и личность, а поможет выразить то, что "
141,43900,Рыба Астраханская,https://vk.com/30rybka,Другие товары,Астрахань,РЫБА АСТРАХАНСКАЯ   🐟Отборная рыбка от лучших астраханских рыбаков  ⚓️Солим по старинному дедовскому рецепту  💨Вялим на свежем воздухе  ✈Доставка от 2 дней  💯Оправдаем ожидания  🎁Дарим вкусный подарок к первому заказу   Чем наша рыбка отличается от магазинной? Читайте в отзывах от наших клиентов👉🏻 h
142,43894,Armor Club - магазин одежды Under Armour,https://vk.com/under_armour_kazan,Спортивная одежда и обувь,Казань,"🛡 Добро пожаловать в Armor Club — специализированный магазин оригинальной спортивной одежды и обуви бренда Under Armour в Казани с доставкой по всей России.  🎯 Наша миссия - развивать спортивную культуру в России через технологии и качество. • Мы верим, что форма может усиливать результат, а не огра"
143,43860,"Интернет-магазин ""Надом Мебель Киров""",https://vk.com/magazinvesna43,Мебель,Киров,"ДОСТАВКА МЕБЕЛИ ПО РОССИИ: 🚚 Автотранспорт: Киров и Кировская обл., Йошкар-Ола, Мураши, Кирс, НАРЬЯН-МАР, КОМИ(Ухта, Сыктывкар, Пажга, Вухтым, Объячево, Визинга, Емва, Сосногорск, Летка, Эжва, Водный, Ярега, Синдор) 🚂ЖД транспорт: Инта, Воркута, Кожва, Усинск, Печора, Лабытнанги, Каджером.  Мебель в"
144,43828,Ешь Деревенское,https://vk.com/eshderevenskoe,"Продукты питания, напитки",Москва,"«Ешь Деревенское» – заботливый онлайн-агрегатор фермерских продуктов с доставкой на дом. Мы объединяем более 230 фермеров и локальных производителей. И доверяем им то, что получается лучше всего — создавать настоящий продукт. А на себя берём контроль качества, логистику и маркетинг.  Мы осуществляе"
145,43826,Саша Шоп | Sadovod 24-97| Носки Колгоки,https://vk.com/maikl_shop,"Одежда, обувь",Москва,
146,43820,Искусственные цветы~ТОЛИК~Садовод 30-75,https://vk.com/club173224241,Бизнес,Москва,4951244013
147,43812,Жетонофф,https://vk.com/jetonoff,Товары для праздников,Краснодар,"«Жетонофф» - жетоны с фото / эмблемой / любыми войскам, наручные часы и другие товары на армейскую и любовную тематику.  Гарантия того, что ваш подарок придется по душе тому, кого вы хотите обрадовать, 100%! Об этом говорят наши отзывы - https://vk.com/topic-137053189_35118464  Для заказа пишите: vk"
148,43799,Иванка - славянская одежда из льна и хлопка,https://vk.com/ivanka.club,"Одежда, обувь",Омск,"Интернет-магазин мужской и женской одежды в русском стиле  * Русская одежда, которой гордишься * Лён и хлопок без синтетики * Обережные узоры, узоры в русском стиле * Оденьте в родную одежду всю семью!  * Традиционные и современные платья * Сарафаны, юбки и блузы в русском стиле * Рубахи и косоворот"
149,43787,TEFIA,https://vk.com/tefiapro,"Парфюмерия, косметика",Москва,"TEFIA — российский бренд профессиональной косметики для волос с итальянскими корнями.  Ассортимент марки включает полноценную коллекцию продуктов для работы парикмахеров в салоне красоты, а также средства для домашнего ухода за волосами.  Стать салоном-партнером Tefia: напишите нам в сообщения сообщ"
150,43780,"кроссовки, спортивная одежда",https://vk.com/chempionsisport,"Одежда, обувь",Кропоткин,"Мы рады, что вы посетили наше сообщество❤️ В каталоге  🗃 https://vk.com/market-90436335 вы можете ознакомиться с нашим ассортиментом. Отправляем Почтой России и СДЭК по всей России и в страны ближнего зарубежья .Так же у нас есть АВИТО ДОСТАВКА !📦Работаем и отправляем из города Кропоткин Краснодарск"
151,43778,Лоскутное шитье с Александрой Беликовой,https://vk.com/i_love_patchwork,Творчество,Волгоград,"ВСЁ, что есть в Клубе, доступно сразу после вступления. Даже новым участницам.  🎄 Годовой проект «Шьём праздник» — классические блоки для большого новогоднего одеяла (3–4 блока в месяц).  📚 Библиотека мастер-классов — уже 10+ блоков и изделия из них (салфетки, грелка на кружку, аппликация на одежду)"
152,43672,Подворье | куры кролики,https://vk.com/oborudovanie_dlya_pticy,Товары для животных,Киров,"Включена Роскомнадзором в перечень персональных страниц: https://gosuslugi.ru/snet/67efd81b7f048f1a6af9371c  🏡 Собственное производство брудеров, клеток, домиков для птиц и кроликов. 🏡 Товары для содержания птиц, коз, овец, лошадей, КРС 🏡 2000+ товаров для хозяев и фермеров.  Вы найдете всё для созд"
153,43630,Перекидные чётки - Chetki handmade,https://vk.com/perekidnyye_chetki,"Украшения, бижутерия ",Москва,Четки на заказ! Перекидные и в машину на зеркало заднего вида.  Почему стоит выбрать нас?  1) Собственное производство. Опыт с 2011 г. Отзывов 1900+  2) Вы можете собрать модель на свой вкус. В вашем распоряжении: - 7 цветов - 5 видов звеньев - 10 форм конечников И всё это можно комбинировать между 
154,43601,Цветобаза | Цветы Ижевск | Доставка,https://vk.com/c_baza,Цветы,Ижевск,"Сеть цветочных магазинов «Цветобаза» предлагает Вашему вниманию всегда свежие цветы и розы, большой выбор горшечных растений с доставкой по г. Ижевску.  В наличии всегда:  — более 3000 роз на каждой Цветобазе🌺  — срезанные цветы: герберы, лилии, хризантема, ирисы, альстромерии, гвоздики и др.🌸  — ра"
155,43554,Курсы шитья | Сумки своими руками,https://vk.com/fleur_d_or,Обучающие курсы,Санкт-Петербург,"«Ты правда сама это сшила?😍» — что слышат мои ученицы   🪡С нуля → к первой дизайнерской сумке за 3 дня   Можно шить на самой обычной швейной машинке, без профильного образования и в любом возрасте!  Я Валентина Букеева — мастер и преподаватель шитья международного уровня  🧷 В 2019 и 2021г Школа полу"
156,43536,Siberina | Российская натуральная косметика,https://vk.com/siberina,"Парфюмерия, косметика",Киров,SIBERINA - НАТУРАЛЬНАЯ КОСМЕТИКА № 1 В РОССИИ  🌿 SIBERINA – НАСТОЯЩАЯ НАТУРАЛЬНАЯ КОСМЕТИКА  Практически все продукты имеют 100% натуральный состав! Богатые насыщенные уникальные натуральные составы. Высокий процент активных ингредиентов. Средства работают по проблемам OZON: https://vk.cc/cWL3k8 WB:
157,43497,ЭЛИС - магазин женской одежды,https://vk.com/garantiy,"Одежда, обувь",Вологда,"Добро пожаловать!  Магазин женской одежды ""ЭЛИС"".  Доставка по городу Вологда, Яндекс такси по их тарифу. Отправка ТК, КС и Почтой по всей России!   ООО ""Элис"" ИНН 3500005725, ОГРН 1243500003691 -----------------------------------------------------------------------  🏡 Магазин ""ЭЛИС"", наш адрес: ул."
158,43439,Супружница | Интернет-магазин длинных платьев,https://vk.com/supruzhnitsa,"Стиль, мода",Псков,"Супружница - магазин женских длинных платьев на каждый день из натуральных и смесовых тканей, которые подчеркивают красоту женской фигуры.  Интересные модели, качественный пошив, низкие цены и помощь нашей команды при выборе наиболее подходящего для вас платья!   ⁃ Размерный ряд от 42 до 56 р  ⁃ Соб"
159,43435,Мужская одежда || 10-57,https://vk.com/optodezd,"Одежда, обувь",,"💡 КАЧЕСТВЕННАЯ МУЖСКАЯ ОДЕЖДА  ТОЛЬКО ОПТОМ 💡 Минималка на отправку от 15000 руб.  🚛 Доставка: ТК (ПЭК, СДЭК, КИТ, Энергия и т.д.), Почта России.  ‼УСЛОВИЯ СОТРУДНИЧЕСТВА ‼ ❗Садовод 10 линия 57 ПАВИЛЬОН❗ ❗ДЛЯ ЗАКАЗ ПИСАТЬ ВК ИЛИ ВАТСАП МАКС ТЕЛЕГРАМ👇 📲 8 965 186 44 29. WhatsApp ❗🚫ВОЗВРАТА И ОБМЕНА Н"
160,43399,Магазин пряжи Филати Клуб / Новосибирск,https://vk.com/filaticlub,Творчество,Новосибирск,"🎉 Скидка 13% на День рождения! 🐠 Всеми любимая акция ""РЫБНЫЙ ЧЕТВЕРГ""! 📦 Оперативная доставка. 📌 Скидки постоянным клиентам 🧶 г. Новосибирск, ТЦ ""Москва"" ул. Крылова, 26, этаж 4  FilatiClub – это не просто магазин пряжи, это вязальное пространство, куда можно прийти за вдохновением, общением и всем "
161,43399,Alize Puffy | мастер-классы | Clouds by Iris,https://vk.com/cloudsbyiris,Другие хобби,,Мастер-классы из Ализе пуффи   Автор проекта Ирина Клют @clouds_by_iris  Ссылка на страницу инстаграмм - https://www.instagram.com/clouds_by_iris/?igshid=1fs1wtewejrqb  Мой канал на YouTube - https://youtube.com/channel/UCVRDCTcruZ2v9kXyd5d7cTg
162,43388,Зоопарк Страна Енотия | Красноярск,https://vk.com/zoo.krsk,Домашние и дикие животные,Красноярск,"Что вы знаете о животных? Что заставляет их радоваться или грустить? Бывает ли им скучно? А может быть их, как и нас с вами, одолевает безудержное веселье? Страна Енотия - это место, где мы можем узнать представителей живой природы лучше и научиться с ними взаимодействовать! Приходите устанавливать "
163,43360,КУКМОР / КУПЛЯ / ПРОДАЖА / ОБМЕН ²⁰²⁶,https://vk.com/kukmor_selling,Объявления,Кукмор,"Номер заявки в РКН: № 4976691782  Группа создана 05 июля 2011г. ПРАВИЛА ГРУППЫ: ✔Некорректные Объявления о ПРОДАЖЕ: без ЦЕНЫ в рублях (договорная, не дорого,дешево, почти бесплатно и подобное - НЕ используем!)и без НОМЕРА ТЕЛЕФОНА будут удалены и внесены в ⛔ ЧЕРНЫЙ СПИСОК ⛔ !!!!!! Так же ЗАПРЕЩЕНО: "
164,43348,Вязаные игрушки и МК от helena_toys_d,https://vk.com/helena_toys_d,Творчество,,"4900608278 Вязаные игрушки Мастер-Классы Амигуруми. ✨Создала более 50 подробных мастер-классов,по которым вяжут в разных уголках мира🌍"
165,43333,Маргарита Соколова | Энергия творчества,https://vk.com/i_lovehandmade,Творчество,Самара,"Здесь я делюсь своей «Энергией творчества». Мой блог (ранее I love handmade) — это про уют, авторские идеи и радость созидания своими руками. Блог о ручной работе, который вдохновляет тысячи сердец."
166,43312,Евгения Ваш Обучение Украшения из фоамирана,https://vk.com/evgenia_vash,Обучающие курсы,Тверь,"✅ Мастер-классы по созданию цветов и украшений из фоамирана - преимущественно без спец. покупных инструментов! Обучение подходит и начинающим Мастерам.  ✅ Посмотрите раздел ""товары"" - все это (более 300 МК) вам откроется автоматически после оформлении Подписки. ✅ Цена вопроса - 390 руб. в месяц.  ✅ "
167,43273,"Мебель Град (Архангельск, Северодвинск)",https://vk.com/moydom29,Товары для дома,Архангельск,"""Мебель Град"" более 25 лет на рынке Представляем широкий ассортимент корпусной мебели от производителей России.   Собственное производство мебели по индивидуальным проектам.  Помощь в подборе мебели на дому у заказчика. Бесплатный выезд дизайнера и консультация.  Доставка, подъём  и сборка мебели.  "
168,43271,Натуральные камни: браслеты колье серьги четки,https://vk.com/natur_braslet_nn,"Украшения, бижутерия ",Нижний Новгород,"Мы занимаемся изготовлением и продажей браслетов, колье, чёток исключительно из натуральных камней. Все изделия ручной работы.   Подбор камней абсолютно бесплатно!  Так же изготавливаем уникальные серёжки с натуральными камнями!    Возможно изготовление изделия по вашим пожеланиям  (поставим любые к"
169,43260,"С Днём рождения, открытки, пожелания",https://vk.com/club223395885,Городское сообщество,,"Регистрация в перечне РКН: https://gosuslugi.ru/snet/67aa44c7962afd032d7ff673  Добро пожаловать! Открытки с поздравлениями и пожеланиями  для ваших родных и близких друзей! Красивые открытки с пожеланиями Открытки  с пожеланиями, картинки, видео Коллекция поздравлений на праздники, дни рождения и да"
170,43249,VALIANT,https://vk.com/valiant,Дизайн интерьера,,"Поможем сделать ваш интерьер неповторимым. 👉 Посетите наш сайт и выберите идеальные комплекты аксессуаров для дома.  ✨ Широкий ассортимент поможет вам оформить квартиру в едином стиле, подчеркнуть индивидуальность и придать интерьеру особый шарм.   Независимо от того, какой у вас интерьер - от совре"
171,43245,"Аксессуар кожгалантерея, ремни сумки |ТЦ Садовод",https://vk.com/sadovod_watch,"Одежда, обувь",Москва,"Интернет-магазин часов и ремней ""Dealer Shop"" Оптом и  в розницу  УСЛОВИЯ СОТРУДНИЧЕСТВА  Наши контактные группа vk.com/sadovod_watch Заказы принимаются на What'sApp +79065726188 +79162583637 vk.com/id535895751 и vk.com/id449960156  Мы находимся по адресу: ТЦ САДОВОД  Корпус А 1-2-13  Как оформить з"
172,43223,24-82 Женская одежда оптом и в розниц ТК Садовод,https://vk.com/zenski_odezd,"Одежда, обувь",Москва,"Добро пожаловать! Поставщик женской одежды оптом и в розницу!  Качественная - фабричная женская одежда без посредников.  💰 У нас самые ВЫГОДНЫЕ цены!  🛒 Оптом и в розницу.  📦 Доставка любой ТК, автобусами, почтой. Минимальный заказ - от 2000 рублей.  ✨ Всегда в наличии: кофты, платья, футболки, спор"
173,43186,FOLKLORICA | Одежда с фольклором,https://vk.com/folklorica,"Одежда, обувь",,"Мы собираем все популярные образы северного фольклора и хотим запечатлеть их на повседневной одежде.  Цель нашего бренда - привнести частичку северной магии в Вашу повседневную жизнь и уйти от стереотипного видения северного фольклора.  Такие вещи может носить каждый, даже не близкий к этой культуре"
174,43126,"Громада, МебельВилль, сеть мебельных салонов",https://vk.com/gromadamv,Мебель,Кемерово,"👉Сеть мебельных Сеть мебельных салонов Громада и МебельВилль работает на мебельном рынке Сибири более 35 лет. За это время мы открыли 29 салона в 17 городах.  Наша сеть – крупнейшая во всей Западной Сибири! Мы предлагаем мебель, которая предназначена для покупателей, ориентированных не только на цен"
175,43123,ОХОТНИЧЬЯ БАРАХОЛКА • RED MOOSE • ОХОТА,https://vk.com/red_moose,Охота,Москва,"Охотничья барахолка RED MOOSE. Частные объявления по продаже охотничьего снаряжения по России.  - Охотничье снаряжение  - Пневматика - Охотничьи собаки - Оружейный ЗИП  Объявления можно размещать на стене группы, ознакомившись с правилами! https://vk.com/@red_moose-pravila-gruppy Размещенные объявле"
176,43078,Турклуб ГОРА. Походы и путешествия!,https://vk.com/gora_club,Активный отдых,Пермь,"Мы - Полина и Андрей. Познакомились в спальнике и создали турклуб (и семью).   С 2015 года делаем туры в горы и заботимся о каждом вашем шаге.   Расписание наших туров: gora-club.ru/travel/  Отвечаем на любые ваши вопросы: ПН-ПТ с 9:00 до 18:00 (время Московское)  Подписывайся, чтобы стать частью на"
177,43056,~УРАЛЬСКИЙ КЛУБ РЫБАЛКИ~,https://vk.com/ural_club.fishing,Рыбалка,Екатеринбург,"~Уральский Клуб Рыбалки ~  Это Активный отдых,совместные выезды,соревнования,фестивали,семейный отдых! Видео-Фото отчёты и многое другое. Дружный Коллектив,позитивное общение и тёплая обстановка Добро Пожаловать к нам!"
178,42998,Цветы Москва Доставка Цветов в Москве Она Хочет,https://vk.com/onahochet_moscow,Цветы,Москва,"🌹 ЦВЕТЫ | Доставка по Москве за 1 час   Хотите порадовать близкого человека, сделать сюрприз или подобрать букет для важного события?  Мы создаём стильные композиции из свежих цветов и доставляем их в течение 1 часа по Москве!  ПОЧЕМУ ВЫБИРАЮТ НАС?  1) Только свежие цветы премиум-качества. 2) Фото б"
179,42969,Сеть магазинов «BROOKS`S» мужские костюмы,https://vk.com/brookss.shop,"Одежда, обувь",Москва,"Федеральная сеть магазинов мужских костюмов! Наши магазины представлены в 15 городах России! Мы знаем всё об элегантном костюме и безупречном сервисе. • Мужские костюмы, обувь и аксессуары. • Премиальные материалы и качество пошива. • Широкий ассортимент. • Индивидуальный подшив и подгонка по фигуре"
180,42906,2А-54 корпус А Садовод,https://vk.com/aminalux,"Одежда, обувь",Москва,"Условия сотрудничества и полезная информация:  Занимаемся оптовой и розничной торговлей.  Мы находимся по адресу: тц садовод, 2А-54 корпус а.  Как оформить заказ?  Отправьте в личные сообщения фото вещей с размерами.  Мы уточняем по наличию и считаем сумму заказа.  Вы оплачиваете, мы отправляем по п"
181,42897,GOVER | Товары для дома и уюта,https://vk.com/gover_home,"Стиль, мода",,"Мы верим, что дом — это место, где хочется отдыхать и наслаждаться каждым моментом. А чтобы ваши будни были проще и приятнее, мы создали магазин GOVER — с товарами, которые берут заботы на себя.  Что вас ждёт здесь?  ✅ Продуманные решения для дома — техника и гаджеты, которые экономят ваше время и с"
182,42825,"Женская обувь ""LoveTufli_ru""",https://vk.com/lovetufli_ru,"Одежда, обувь",,"👠Интернет-магазин модной и стильной женской обуви ""LoveTufli_ru"". 👠Высокое качество: натуральная кожа/замша (производство Россия, Турция). 👠Отправка по России, СНГ, Германия, Израиль.  Новинки и может даже акции, скидки, подарки🎉 🔥Телеграм: https://t.me/lovetufli_ru 🔥Инстаграм (если работает): https"
183,42816,AudiLip,https://vk.com/audilip,Автомобили,Липецк,"5071678200  Добро пожаловать в сообщество для настоящих поклонников марки Audi! Здесь вы найдете самую актуальную информацию об автомобилях Audi, обсуждения, советы по тюнингу и уходу за вашим авто, а также возможность общаться с единомышленниками и делиться своими впечатлениями. Присоединяйтесь к н"
184,42815,"Подарки с гравировкой ""Светлые мысли""",https://vk.com/sm.svetlye_mysli,"Украшения, бижутерия ",,"🎁Подарите не забываемые моменты себе и своим близким - закажите индивидуальный подарок со смыслом 🌠Сделаем фото или текст на браслет, брелок  💯 Подарок будет радовать Вас долгие годы 🚗 Доставка по всей России 🖊Лазерная гравировка на изделии ✨Быстрое изготовление от 1 дня 📗Большой ассортимент 💁‍♀Помо"
185,42771,Всесезонный экокурорт «Белогорье»,https://vk.com/ecobelogorie,Гостиница,Белая Гора,"Номер реестровой записи в Едином реестре объектов классификации в сфере туристской индустрии С592024002796  Белогорье — уникальное по своей атмосфере и красоте место, с чистейшим горным воздухом, благоустроенной территорией!  На курорте:  · Отель на 67 номеров разной категории; · 7 коттеджей; · 2 ба"
186,42759,Натуральные камни и украшения |Минерал Маркет,https://vk.com/mineralmarket,Ювелирные изделия,Санкт-Петербург,"💎 Минерал Маркет — магазин натуральных камней, самоцветов и украшений ручной работы.  🔹 Более 15 000 товаров в наличии 🔹 Только подлинные минералы с гарантией 🔹 Онлайн-заказ с доставкой по РФ и СНГ 🔹 Магазины в Москве и Санкт-Петербурге  🎁 У нас вы найдёте: • натуральные камни популярные и редкие • "
187,42732,VikGoldFish - игрушки спицами и крючком.,https://vk.com/vikgoldfish_group,Творчество,Москва,"Купить мастер-классы на русском языке можно на сайте https://eiwi.ru/VikGoldFish  Скидки при покупке МК через VK: - при покупке ОДНОВРЕМЕННО 2-ух и более МК - скидка 20%; - начиная с 6-го МК (независимо, за какой период они куплены) - 30%."
188,42727,Дари Добро Совместная помощь бездомным животным,https://vk.com/kirovhelp.dogcat,Благотворительность,Киров,Группа для совместной помощи бездомным животным города Кирова Номер регистрации страницы 5122229222
189,42671,Распродажа искусственные цветы Садовод,https://vk.com/club201487476,Бизнес,Москва,1 . Условия содружеств 🤝  2 .Ответ на часто задаваемый вопрос 👌      1. Условия сотрудничества 🤝 ✅Минимальная сумма отправки: ✅ТК от 5000₽‼ ✅Почтой от 5000₽ ‼  ✅От 3000₽ можно самовывоз либо через посредника! За день до закупки уточните наличии модели и оформите заказ! 📌📌Отправляем товар по всей Рос
190,42581,Морозко®,https://vk.com/morozko_krem,Товары для детей,Наро-Фоминск,"«Морозко®» — уже более 26 лет защищает кожу всей семьи от холода, ветра и непогоды!  Наша косметика закрывает все главные потребности в зимнем уходе:  🔹 До и во время прогулки — создаёт невидимый барьер, который предотвращает обветривание, сухость и шелушение. 🔹 После прогулки — интенсивно питает, с"
191,42579,Детские спортивные комплексы | Шведские стенки,https://vk.com/shop_likes_sport,Товары для детей,Пермь,"№ 5019088130  Доставка по России.  Интернет-магазин likes-sport.ru - это широкий выбор детских спортивных товаров для активного отдыха и игр. Мы уделяем огромное внимание к качеству продукции, так как понимаем, что наш конечный потребитель это дети!   Желаем Вам приятных покупок и спортивных высот!"
192,42571,Mini Brick Studio | Лего-человечки,https://vk.com/minibrick_studio,Другие товары,Ярославль,Мы создаем индивидуальных лего-человечков в рамках 🙌🏻   ▫️Оригинальная идея подарка на все праздники  ▫️Создай себя и своих близких в виде минифигурок ▫️Доставка по всему миру
193,42568,Baggeeks - швейная мастерская,https://vk.com/baggeeks,Пошив и ремонт одежды,Ростов-на-Дону,"Пошив рюкзаков, сумок, хаори, худи и свитшотов с вышивкой и принтом. Вы можете собрать свой гибрид или заказать что-то из ассортимента. Часто есть что-то в наличии, что можно сразу приобрести Дата основания - 09.03.2014 Привет! Меня зовут Алёна, я шью для вас эти изделия.  Вместе с мужем Олегом ❤ мы"
194,42567,Goodhoody - Сноуборд одежда. Сделана вручную,https://vk.com/goodhoody,Спортивные товары,,"GOODHOODY SNOWBOARDING  Сноубордическая одежда Сделана вручную, сделана в России.  Анораки, штаны, куртки, полукомбинезоны, худи, флиски, капюшоны - балаклавы.  Доставка по всему миру  — Собственное производство с 2014 года — Унисекс   По всем вопросам к [id238921993|Администратору]  Instagram: good"
195,42561,ДЕТСКИЕ ИГРУШКИ/ДОМИКИ/ВЕЛОСИПЕДЫ,https://vk.com/igrushkidetkam,Товары для детей,Санкт-Петербург,"Наши преимущества перед другими:  - Огромный ассортимент игрушек и сопутствующих товаров - Отправка любых крупногабаритных игрушек (качалки, коляски, электромобили, игровые комплексы и др.) почтой России, либо транспортной компанией на Ваш выбор с указанием полной стоимости отправки.  - Работаем с р"
196,42509,9-37 МИР ИГРУШЕК ПО НИЗКИМ ЦЕНАМ,https://vk.com/club191683483,"Игры, игрушки",,УСЛОВИЯ РАБОТЫ И ЧАСТЫЕ ВОПРОСЫ:  Мы находимся город Москва 14 км МКАД Самовывоз от 1 шт Добрый вечер уважаемые клиенты всем желаю хорошего настроения  Мы открыли для вас группу на макс там будет много товаров и цена скора пожалуйста подписывайтесь  https://max.ru/join/lP3cPeyIshUZY4Ur1YpM1ufxTURk83
197,42483,Альбатрос натуральная кожа и краст производство,https://vk.com/albatros_62,Товары для творчества,Рязань,Номер заявления 4930424404 6415488340  Альбатрос62.  Российский разработчик и производитель натуральной кожи и краста хромового и растительного дубления.   📌Постоянная складская программа  📌Поставки только с наличия  📌Минимально от 1 куска или 20 дм  📌Только прямые поставки даже самым маленьким клие
198,42451,2WARRONЫ Творческая мастерская 2 вороны,https://vk.com/dvewarrony,Творчество,Москва,"№ 4934721367  ПРО ДВУХ ВОРОН Жили-были Две-вороны-в-одной-голове :) Вороны варили, вязали и вышивали, вороны рисовали, расписывали и раскрашивали, вороны выдумывали, вырезали и ваяли. Получалось из этого полезное и бесполезное, умное и глупое, милое и очень милое, удивляющее и очень нужное. А, главн"
199,42440,Goldberry Edition,https://vk.com/goldberry_edition,Анимация,,"Мы – мастерская, где сказка воплощается в жизнь.  Каждое изделие рождается вручную, вдохновлённое книгами и мультфильмами, которые навсегда остались с нами с детства.  Здесь вы найдёте кулон Анастасии “Together in Paris”, Сердце Кондракара из W.I.T.C.H., кулон Одетт из «Принцессы-лебедь» и другие ук"
200,42406,Кладоискательская контора Владимира Порываева,https://vk.com/vladimir_poryvaev,Активный отдых,Москва,"Металлоискатели, монеты (покупка/продажа), аксессуары для кладоискателей и коллекционеров: https://poryvaev.ru/ Вопросы по находкам : https://t.me/poryvaev ""Кладоискательская контора Владимира Порываева"" - первый и до недавнего времени единственный представитель профи в сфере кладоискательства.  Вла"
201,42382,Часы садовод,https://vk.com/step_by_step9,Часы,,❗️❗️❗️ УСЛОВИЯ РАБОТЫ❗️❗️❗️  Уважаемые клиенты мы рады приветствовать вас  УСЛОВИЯ РАБОТЫ И ЧАСТЫЕ ВОПРОСЫ❗️  2. Как оформить заказ❓❓❓ Отправьте в личные сообщения фото вещей с размерами➡Мы уточняем по наличию и считаем сумму заказа➡Вы оплачиваете➡Мы отправляем через тк или почту на ваш выбор ❗️ Так
202,42363,Самарский БКК | Торты на заказ,https://vk.com/sbkk_official,"Продукты питания, напитки",Самара,"С теплом и любовью готовим для вас вкусные торты, ароматный хлеб, слойки и сдобу, торты на заказ!   Наша продукция с вами каждый день и по особым праздникам на протяжении 33 лет. С теплом и любовью для всех, для каждого!  ✔Современное высокотехнологичное оборудование, традиционный подход к производс"
203,42357,Косметика Профессиональные кисти для макияжа,https://vk.com/club17737653,Творчество,,"Наборы профессиональных кистей для макияжа, визажа. В продаже наборы на 16, 15, 8 или 7 кистей. В удобном кожаном кейсе. Кисти из натурального ворса пони, козы, соболя, белки, барсука. Фотографии в фотооальбоме. Цены начиная от 700 рублей. Доставка по всей России. Urban Decay, Chanel, Bobbi Brown, М"
204,42314,Книги для детей от МИФ.Детство,https://vk.com/mifdetstvo,Литература,Москва,"Регистрация в РКН  № 4928444694 https://vk.cc/cGv0xK   Любовь к книгам начинается с того, что мы, взрослые, читаем детям. Это могут быть очень разные книги — чудесные сказки, забавные комиксы или энциклопедии с удивительными фактами. Главное — чтобы эти книги помогали учиться размышлять и сочувствов"
205,42297,Ziskind Vi,https://vk.com/ziskindvillage,"Строительство, ремонт",Санкт-Петербург,"Ищу новый участок в деревне!  Однажды я переехала в деревню под Петербургом, где вместе с мужем мы привели в порядок старый деревенский участок, вдвоем построили каркасную баню, затем теплую мастерскую, весь процесс есть в этой группе  Пробурили скважину на воду, построили газобетонный дом своими ру"
206,42293,Всё о плетении из ротанга.,https://vk.com/club_tm_pletenie,Образование,,"№ 5020770755 - РКН Плетение - увлекательное занятие. И освоить его совсем не сложно.  Меня зовут Тамара. И я готова стать вашим проводником в этом чудесном деле.  В этой группе мы будем шаг за шагом знакомиться с изделиями, материалами, инструментами.  Давайте творить, мечтать и  просто радоваться ж"
207,42273,Мебельная фабрика ТриЯ,https://vk.com/triyaru,Мебель,Москва,"Официальная страница ведущей мебельной компании в России!  Корпусная мебель ""ТриЯ"" - высочайшее качество по выгодным ценам.  ______________________________  Секрет популярности мебели, выпускаемой под брендом «ТриЯ», прост - её изготавливают для потребителей с учётом всех пожеланий.  7 причин выбрат"
208,42252,"3D фигурки по фото, скульптура на заказ, бюсты",https://vk.com/figurkapofoto,Дизайн-студия,,"Сообщество включено в перечень РОСКОМНАДЗОРа: https://gosuslugi.ru/snet/689f114c95b8e5524023a5a2  Фигурки по фото от Арт Студии Гранж - уникальный и необычный подарок, который точно запомнится!  Чтобы узнать цены - переходите по ссылке https://vk.me/figurkapofoto  1. Мы создали более 10 000 статуэто"
209,42212,Suitstomen Sporty | Мужская одежда,https://vk.com/suitstomen,"Одежда, обувь",Москва,"🦅 Suitstomen — ваш стильный выбор с 2018 года  🤝 Присоединяйтесь к нашему сообществу стильных и уверенных в себе мужчин!  Мы сделали оплату максимально удобной:  💳 100% предоплата за товар переводом на Сбербанк, Т-Банк  📦 Доставка оплачивается при получении посылки  Сначала вы оплачиваете стоимость "
210,42191,Татьяна Гусева. Блог.,https://vk.com/tatiana_bayard,Блогер,Москва,"СПОРТСМЕН. ТРЕНЕР. ПУТЕШЕСТВЕННИК.  Меня зовут Татьяна Гусева, мне 40 лет. Я основатель и тренер студии функционального тренинга [club74741794|Варяг], а также автор и тренер [https://vk.com/topic-65762179_49695018|проекта домашних тренировок 15 минут в день]. В прошлом - соревнующийся спортсмен, нес"
211,42184,"САЖЕНЦЫ, ЦВЕТЫ, ХВОЙНЫЕ | САД С ИГОЛОЧКИ",https://vk.com/sadsigolochki,"Товары для дачи, огорода",Ижевск,"Наш Telegram-канал https://t.me/sadsigolochki   Отправка посылками: СДЕК, Почта России.    Садовые центры в г. Ижевске Присоединяйтесь!   Ссылка о включении в перечень зарегистрированных страниц и каналов РКН https://www.gosuslugi.ru/snet/678dca4819290c0f9342590a Заявление в РКН № 4959889495 Принима"
212,42122,Доставка цветов Вологда | Рай Цветов,https://vk.com/vologda_flowers,Цветы,Вологда,👉[https://vk.com/app7070938_-86529981#s=667a8240cca5901565010f91|Дарим скидку]👈  Рай Цветов - служба доставки цветов и подарков по Вологде и Вологодской области. Высочайший уровень сервиса и качества.  🍃 Гарантия свежести букета 24 часа 🍃 Срочная доставка от 20 минут 🍃 Скидка 10% на первый заказ (по
213,42106,Trendy - женская одежда | Садовод 2Г-40 Корпус Б,https://vk.com/trendysad,"Одежда, обувь",Москва,"Женская одежда оптом и в розницу Отправки от 1 штуки по всей России и СНГ Садовод 2Г-40, корпус Б Для заказа: WhatsApp +7 (919) 997-91-97"
214,42091,Аудиокниги Сталкер | Dawn of Eternity,https://vk.com/librarystalker,Литература,Припять,"Самая большая библиотека Постапокалиптических книг  Также, вы найдете: Метро 2033, S-T-I-K-S, Z.O.N.A., LitRPG, Survarium, S.E.C.T.O.R., Сезон Катастроф, Ареал, Пикник на обочине, Роза Миров, Кремль 2222, Остроги, Нашествие, Резервация 2051, Эпоха Мёртвых, New Reality, Атомный Город, фанфики и сборн"
215,42065,Рукоделие дорого | Арина Высоцкая,https://vk.com/rukodelie_dorogo,Обучающие курсы,,Политика конфиденциальности: https://rukodelie-dorogo.ru/pk  Согласие на обработку персональных данных: https://rukodelie-dorogo.ru/pk  Публичная оферта: https://rukodelie-dorogo.ru/oferta_2025
216,41995,DANISA SHOP,https://vk.com/danisashop,"Стиль, мода",Москва,"DANISA SHOP - группа с продажей только оригинальной продукцией.  Более 1500 положительных отзывов!  - Москва(Самовывоз). - Доставка по всему миру.  Наличие вещей можно узнать перейдя по вкладке ""В НАЛИЧИИ"" или в товарах.  -Возврата и обмена нет. Замеры уточнять перед покупкой!  По поводу покупки пис"
217,41868,Творческая мастерская Мауриной Марины,https://vk.com/hand_made_17,Творчество,Коноша,Добро пожаловать в наш сказочный мир вязаных игрушек! 🌸  Для рукодельниц - МАСТЕР-КЛАССЫ!   Творите вместе с нами!   В нашей группе для вас: - Вдохновение каждый день! - Мастер Классы по вязанию игрушек! - Совместное вязание (Онлайны)!
218,41857,Ципина Гора,https://vk.com/cipina_gora,Активный отдых,Оденьево,"Круглогодичный комплекс «Ципина Гора»  Мы предлагаем своим гостям:  – Бассейн под открытым небом (работает в летний период) – Ресторан, кафе и гриль-беседка – Гостиница, большой гостевой дом и 10 амбарных домов – Отдых на свежем воздухе: баня с купелью под открытым небом, детский городок, различные "
219,41808,Car Audio - Автозвук,https://vk.com/car_audio74,Автомобили,Миасс,"Регистрация в перечне РКН:  https://knd.gov.ru/license    АВТОЗВУК | МИАСС  Приветствуем вас в студии автозвука «Car Audio»   Опыт работы 15 лет ❗️ Мы занимаемся продажей автозвука, установкой охранных систем, магнитол, сабвуферов и другого оборудования.  Мы сделаем ваш автомобиль ЕЩЕ ЛУЧШЕ !   Явля"
220,41798,Суши Маркет|суши доставка Великий Новгород,https://vk.com/sushi_market_vn,"Кафе, ресторан",Великий Новгород,«Суши Маркет» - это сеть магазинов японской кухни и настоящий рай для гурманов и ценителей полезной еды. В нашем меню в широком ассортименте представлены разнообразные суши и роллы.  У нас не нужно долго ждать официанта или заказа. Наши магазины работают в формате take-away и предлагают блюда на вын
221,41782,JUMP & FLY - Прыжки с веревкой в Крыму,https://vk.com/jump_and_fly_ropejumping_crimea,Экстремальный спорт,Севастополь,"Уже более 13 лет мы проводим спортивные мероприятия по роупджампингу!  13лет безопасных прыжков. Свыше 20000 довольных жителей и гостей Севастополя.  Мы рады приветствовать вас в нашем ярком мире, полном вдохновения, адреналина, невероятных впечатлений, радости от общения с крымской природой, спорто"
222,41773,Ростовский-на-Дону зоопарк,https://vk.com/rostov_zoo_official,Государственная организация,Ростов-на-Дону,Муниципальное автономное учреждение культуры Ростовский-на-Дону зоопарк сегодня – один из крупнейших в России и Европе. В 2026 году Ростовскому-на-Дону зоопарку исполняется 99 лет.  Директор Ростовского-на-Дону зоопарка - Соболева Юлия Сергеевна.  Весь территориальный комплекс представляет собой уни
223,41763,Kartiny 1 | Портреты на холсте,https://vk.com/kartiny_1,Дизайн-студия,,"ОТПРАВЛЯЕМ ПО ВСЕЙ РОССИИ 🇷🇺 ПИШИТЕ ☝️  Сроки изготовления 1-2 рабочих дня 🚀 Быстрая доставка 🎨 Работаем с 2014 года 🖼 Все портреты рисуются вручную профессиональными художниками  Ищите подарок, который не оставит равнодушных?  Хотите услышать «ВАУ» вместо банального «Спасибо»?  Вы оказались в нужно"
224,41719,ФОТОСТУДИЯ ART-PLACE FAKTURA СПБ,https://vk.com/artplacevo,Культурный центр,Санкт-Петербург,Art-Place Faktura - это 2 современные интерьерные фотостудии. Общее количество залов - 18.  Разнообразные локации от ультра современных до классических залов с лепниной.   10 залов находятся по адресу Кожевенная линия 34. Вид из панорамных окон открывается на Финский залив.   8 залов находятся по ад
225,41635,МерчСан♡ Делаем мерч по вашим артам!,https://vk.com/merchsan,"Печать, полиграфия",,"[https://vk.com/market-205077647|Делаем брелоки, значки, стенды, серьги, стикеры, открытки и плакаты, футболки, сумки с вашими артами]  > Первые в РФ акриловые брелки ""как в Китае"". ---> [https://vk.com/market-205077647?section=album_1|Брелки и значки, серьги из акрила, прозрачного и цветного. С дву"
226,41597,Мясной дворик,https://vk.com/meat_garden,Доставка еды,Санкт-Петербург,"Хотите попробовать настоящее мясо со вкусом 🥩мяса? Значит Вам сюда👉 Мы предлагаем  свежайшее домашнее мясо по оптовым ценам  с доставкой по Санкт-Петербургу и Ленобласти . Мы привозим Вам мясо со своей фермы, расположенной в Волосовском  районе Ленобласти, выращенное без химии и гормональных добавок"
227,41583,Игрушки Садовод,https://vk.com/sadovod604,"Игры, игрушки",Москва,"📝УСЛОВИЯ СОТРУДНИЧЕСТВА  🏩Мы находимся ТК ""Садовод"" в складе у нас только отправка   ⏰ЧАСЫ РАБОТЫ⏰ С 6:00 до 18:00 Без перерывов и выходных;  ✅Отправка - 1000 ₽ минималка  📩ОФОРМЛЕНИЕ ЗАКАЗА📩  ✔ заказ принимаем в виде программы посредников ✔ заказ принимаем через сайт или в ватсап: +79339414141 фиру"
228,41420,Вязаные игрушки/ Мастер-классы Коноваловой Марии,https://vk.com/ma_ko_toys,Творчество,,"Всем привет!  Меня зовут Мария и я рада приветствовать вас в своем сообществе 🫶🏼 Здесь вы найдете мои авторские мастер-классы по вязанию игрушек крючком, а так же сможете поучаствовать в марафонах и онлайнах по вязанию 🧶 Присоединяйтесь, будет интересно! 😉  РКН https://gosuslugi.ru/snet/67a38f944689"
229,41366,Православные подарки «София»,https://vk.com/sofijaru,Ювелирные изделия,Москва,"№ 4927225786  • Мастерская созданная по благословению святейшего Патриарха Алексия II. • Все изделия освящены. • Победитель и призер ювелирных выставок. • Изделия, которые стали экспонатами исторического музея, частью национального искусства. • Более 80 розничных магазинов. • Доставка по всей России"
230,41347,"""Изумруд """,https://vk.com/club158663133,"Украшения, бижутерия ",Пермь,"Бижутерия, украшения,Бусы, Браслеты, Гарнитуры, сувениры"
231,41331,GOLD SHOP корпус Б 2В-38,https://vk.com/madonna_sadovod,"Стиль, одежда, обувь",Москва,"♔GOLD SHOP♔ - модная эксклюзивная женская одежда, оптом и розница по одной цене от 1 ед, Заказ скинут только на эти страницы в личном сообщении!! Заказать:  Заказать:  Рассылка:  WhatsApp  Будьте бдительны мошеников много, заказ принимаем только мы с этой страницы 👆‼️  Часто вопросы где мы находимся"
232,41309,Оформление|Игры на липучках| Развивающие пособия,https://vk.com/ranneerazvitie_detei,Образование,,"РКН https://gosuslugi.ru/snet/679b918f3657285c6f10144f  🌷Дети играют, родители отдыхают.  Всё самое лучшее для развития детей от 1 года до 10 лет: 🌷 развивающие игры и задания; 🌷 обучающие материалы; 🌷 идеи и шаблоны для творчества; 🌷 стихи, сказки и загадки и др! Подписывайтесь и развивайтесь вмест"
233,41281,Женская одежда,https://vk.com/lady_like_vip,"Стиль, одежда, обувь",Москва,"✔Без предоплаты!  ✔Оплата при получении! 👉По всем вопросам vk.me/lady_like_vip ✔Доставка по всей России! ✔Поможем подобрать  размер  Чтобы сделать заказ, подобрать размер, узнать о текущих акциях пишите в сообщения группы vk.me/lady_like_vip. Наши менеджеры ответят на любые ваши вопросы  № 519212476"
234,41244,"Детская одежда ""ТОП-ТОП"" |  к.А 2Д-22  Садовод",https://vk.com/top_baby_top,Детская одежда и обувь,Москва,"💥ДЕТСКАЯ ОДЕЖДА💥  📍 Рынок Садовод | ТЦ Садовод  к.А 2Д-22 ✅ Чыонг Т +79680063198 📲  ✨КАК СДЕЛАТЬ ЗАКАЗ? УСЛОВИЯ СОТРУДНИЧЕСТВА ✨  ➡️ Минимальная сумма заказа для отправки 2000 р.  ➡️  Отправка у нас осуществляется через ТК (транспортная компания) и почтой России с доплатой. - для ТК 100 р, ПОЧТОЙ пр"
235,41232,Имена | Издательство Эксмо,https://vk.com/vmirefiction,Издательский дом,Москва,"Рассказываем о книгах и авторах, которые их пишут.   «Имена» — это проект, в котором каждый книголюб найдет свой уютный уголок. Ежедневно мы публикуем самые интересные новости из мира литературы и собираем вместе людей, которые любят читать так же сильно, как и мы.  Добро пожаловать в тысячи книжных"
236,41042,Женская одежда садовод,https://vk.com/sadavot,"Одежда, обувь",,"ОТПРАВКА:  1) Транспортной Компанией (ПЭК. КИТ, Дел линии, Энергия)....  2) Минимальная сумма для заказа от 3000P  Доставка до Тк 200 руб. Заказ скинъте через WhatsApp  +79261865332 фарход Самовывоз от 1шт. Для интернет магазинов Оптом от 4шт  3) Автобусами с Садовода (данные автобуса сами говорите!"
237,40989,Корейская косметика PandaShop,https://vk.com/shop_panda_com,"Парфюмерия, косметика",Ростов-на-Дону,"Добро пожаловать в мир PandaBanda!🐼  Рады видеть тебя в нашей группе, здесь вы узнаете секреты и лайфхаки применения корейской косметики, обзоры новинок и секретные промокоды на выгодные покупки.   🚀 Подписывайся и узнавай первым об акциях и распродажах.  Замучали воспаления, морщины, тусклый цвет л"
238,40979,Мир Туризма (Туроператор Турагентство Турфирма),https://vk.com/mirturizma46,Туристическое агентство,Курск,"🧭 Знаем где отдохнуть 3️⃣6️⃣5️⃣ дней в году❤️ ⛲Питер 🏕️🚂Адыгея 🇧🇾Беларусь  🏰Казань 🚍автобусом на море🏝️Крым, Краснодарский край 🎤экскурсии 👨‍🍳ГастроТуры 🏥санатории  🎟️Туры выходного дня 🎁подарочные карты  Туроператор по внутреннему туризму (Реестровый номер РТО 021156) Турфирма | ЗАКАЗ АВТОБУСОВ"
239,40972,VERVE | женская одежда КБ 2А-07,https://vk.com/club203278076,"Одежда, обувь",Москва,"ОЧЕНЬ ВАЖНО ЧИТАТЬ ПЕРЕД ЗАКАЗОМ!!!🌸Вкус Модницы У  нас можно одевать себя и всех близких, модно и дёшево, у нас богатый ассортимент товаров на любой вкус🌼  Дорогие друзья ⛔⛔ ВНИМАНИЕ 🚨  Мы открыли официальный Канал.🔥 НА “МАКС""-е Просьба всех подписаться на данный канал, так как все другие мессендже"
240,40930,"Гнездо Дядюшки Котобуса | Рассказы, романы",https://vk.com/kotobus_nest,Писатель,Москва,"Группа, поднимающая настроение! Авторские рассказы Александра и Ирины Горбовых. Заметки, истории и книги.  А также уютное место, где можно поделиться своим творчеством и поучаствовать в тематических конкурсах.  Рассказявки, романы, фантастика , юмор  Где почитать:  Электронные книги👇  АвторТудей  ht"
241,40906,Косметика CHRISTINA. Официально в России,https://vk.com/christinacosmeticsru,"Парфюмерия, косметика",Москва,"Добро пожаловать в официальное сообщество косметики Christina!   Более 40 лет опыта косметологов и их клиентов сделали Christina лидером рынка профессиональной косметики. Сегодня она представлен в 60+ странах мира, а в таких культовых городах, как Канны, Париж, Милан, Токио, открыты глобальные предс"
242,40857,Школа лоскутного шитья Зыковой Светланы,https://vk.com/svetlanazykovadesign,Творчество,Санкт-Петербург,"Здравствуйте! Меня зовут Зыкова Светлана и я обучаю лоскутному шитью онлайн.   Выбирая мои мастер-классы и мое обучение, Вы получаете:  ✅ Подробные и пошаговые инструкции по созданию изделий ✅ Всю необходимую информацию по материалам и инструментам, которые понадобятся для работы ✅ Обратную связь от"
243,40843,Описания и МК по вязанию крючком,https://vk.com/maryknittingvk,Творчество,,"Меня зовут Мария [mary.knitting] я больше 8 лет веду блог для любительниц вязания крючком. Пишу пошаговые описания по вязанию крючком, понятные всем от новичка до мастера. Тысячи работ мастериц , большой выбор описаний на сайте. Доказательство того, что крючком вяжутся стильные вещи, а не только сал"
244,40804,Санаторий «Хилово». Официальная группа,https://vk.com/sanhilovo,"Санаторий, дом отдыха",Хилово,"Санаторий «Хилово» приглашает для отдыха и  лечения заболеваний опорно-двигательного аппарата, ЖКТ, нервной системы, органов дыхания, эндокринной системы, кожи, глаз, лор-органов. Хорошие методики помощи по снижению веса и лечению женских и мужских заболеваний. Официальная группа санатория ""Хилово"" "
245,40788,VRN SHOP | Кроссовки и одежда | Воронеж,https://vk.com/vrn.shop,"Одежда, обувь",,Качественная обувь в Воронеже! С отправкой во все регионы РФ!
246,40786,ELIF__SHOP/ ОДЕЖДА САДОВОД 24-51,https://vk.com/gairatov37,"Стиль, одежда, обувь",Москва,"Женская одежда садовод  Вацап +79915585188 Переходите по ссылке , в наш телеграмм канал там фотографии без водяных знаков, и много интересного https://t.me/suphonalloh7701 Группа Макс https://max.ru/join/Jb2lHkNHJE9arZHf46vrmtuwOnv9V0VWa2Z7iHZb9BI  ر بی للک الحمد کما ینبغی لجلال وخهک وعظیم سلتانک"
247,40785,Belleluxe store,https://vk.com/belleluxe_store,"Украшения, бижутерия ",Москва,Мультибрендовый магазин оригинальных украшений и аксессуаров.   Курьерская доставка по Москве — 300 рублей. Доставка по России почтой и в пункты выдачи IML.
248,40761,Охота и рыбалка,https://vk.com/bertsy2020,Охота и рыбалка,Москва,"Добро пожаловать в сообщество для тех, кто живёт охотой и рыбалкой. Здесь собираются настоящие знатоки трофейных мест, надёжного снаряжения и душевных рассказов у костра. Делимся опытом, фото, обзорами, лайфхаками и просто хорошим настроением. 🎣 Обсуждаем снасти, прикормки и наживки. 🦌 Говорим о тех"
249,40760,S-Wrestling - магазин спортивных товаров,https://vk.com/s_wrestling,Спортивные товары,Шадринск,"S-Wrestling  - интернет магазинов борцовских и спортивных товаров. Наш магазин работает как для любителей спорта так и для профессиональных спортсменов.  Цены для вас мы делаем максимально низкими, а качество товаров выбираем максимально высокое. WhatsApp:  8-922-670-34-50 тел: 8-922-670-34-50"
250,40726,Priority Auto | Приорити Авто,https://vk.com/priority_auto,Автосалон,Владивосток,"Priority Auto - автомобили и мото из Японии, Китая и Южной Кореи с выгодой до 30%!  Оставить заявку - https://b24-yrtue0.bitrix24.site/crm_form_dgcjm/  Купим, качественно доставим и растаможим любой авто и мото из Японии, Китая и Южной Кореи ⚓️  Оказываем полное сопровождение и информирование на все"
251,40717,БАЙТ ВОРОНЕЖ | Дисконт цифровой техники,https://vk.com/gobyte,Электроника,Воронеж,"go-byte.ru - это сеть магазинов распродажи уцененных товаров. Мы работаем с крупными торговыми сетями избавляя их от уценки и продаем этот товар потребителю с гарантией и большой скидкой. В итоге довольны все - торговые сети, клиенты и мы! СКИДКИ 25% - 50% на любимый товар  Почему мы? • На все товар"
252,40708,Парфюмерия ALAN BRAY,https://vk.com/alanbray,Уход за собой,,Парфюмерия ALAN BRAY создана французским парфюмером специально для России.  Золотое Яблоко: https://goldapple.ru/brands/alan-bray WB: wildberries.ru/brands/alan-bray OZON: https://www.ozon.ru/brand/alan-bray-18831882/  В коллекции ароматов Alan Bray собрано все самое лучшее из многолетнего опыта фра
253,40692,Детская Одежда 1-5-20,https://vk.com/li.li2557,"Одежда, обувь",Москва,"Модная и стильная детская одежда по суперценам. Огромный выбор. Закажите с доставкой по России. Новинки каждого дня. Распродажа!!! Модный дизайн. Приходите 1-5-20 на Садоводе!!! Ждём вас!!! Выбери, что нужно именно вам!!!                 Условия для закупки:  - Минимальная сумма от 3000₽  - Предопла"
254,40668,Твой Букет | Доставка цветов в Самаре | Цветы,https://vk.com/buketsmr,Цветы,Самара,Привет! Это Твой Букет!Почему именно мы должны доставить Ваш букет? ✅Бесплатно открытка с Вашим текстом  ✅Гарантия качества ✅Контроль качества и фотография букета перед отправкой ✅Доставим за 90 минут или в указанный промежуток  ✅Самое большое количество положительных отзывов. Больше 1900 отзывов. С
255,40550,Цветы Доставка Пермь,https://vk.com/horoshiy_cvetochnyy,Цветы,Пермь,® Дари Красиво  - это не просто букеты . Это особенные цветочные подарки для важных моментов и без повода :)   С 2013 года доставляем радость Вам и Вашим близким! За 10 лет работы обрадовали более 80 000 клиентов. 80% наших клиентов возвращаются к нам вновь!  Будем рады видеть Вас в рядах ценителей 
256,40535,Dream Forever TXT | ✚ ✘ ✚,https://vk.com/way_txt,Музыкальная группа,,Добро пожаловать в информативное русскоязычное фан-сообщество по корейской музыкальной группе TOMORROW X TOGETHER. Сокращённо ТуБаТу (투바투) или ТХТ. Эти пять мальчиков объединились под одной звездой в надежде построить лучшее завтра. Вселенная ТХТ называется The Star Seekers.  Дата дебюта - 04.03.201
257,40470,Мастер Су-Джок | Здоровье и Красота,https://vk.com/su_jok_therapy_acupuncture,Здоровый образ жизни,Санкт-Петербург,"Добро пожаловать в сообщество Су Джок и акупрессуры! Здесь вы откроете для себя простой и мощный метод самопомощи, который помогает поддерживать здоровье, красоту и гармонию тела без сложных инструментов.  Что такое Су Джок? Су Джок — это корейская система акупрессуры, основанная на принципах традиц"
258,40449,Комиссионный магазин Залог Удачи,https://vk.com/skupka_izh,Электроника,Ижевск,"Мы комиссионный магазин в Ижевске, работаем круглосуточно, 24 часа в стуки. Если Вы искали Ломбард Ижевск 24 и наткнулись на нас, то не спешите уходить. Может быть техника Вам и вовсе не нужна? Напишите нам или позвоните и оцените свой гаджет или вещь, ведь все познается в сравнении, а последние сло"
259,40382,Магазин Лукова |  Оригинальные кроссовки,https://vk.com/basketstore_russia,Баскетбольная команда,,"САМЫЕ БОЛЬШИЕ СКИДКИ В РАССЫЛКЕ: https://vk.cc/8cX5O8 Мы продаем только оригинальную продукцию, никаких реплик и копий! Возврата и обмена нет"
260,40372,Стенды для детских садов и школ | Альмарин,https://vk.com/infodoski,"Печать, полиграфия",,"🙌 Мы изготавливаем стенды для детских садов, школ и организаций. Занимаемся комплексным оформлением образовательных учреждений.  🚚Отправляем заказы по всей России. Гарантируем качественную доставку за счет жесткой упаковки. 🖌Бесплатно разработаем дизайн по вашему запросу. 💸Оплатить заказ можно после"
261,40334,Leon Art - портреты на холсте и металле,https://vk.com/leonartru,"Печать, полиграфия",,"Заявление № 6475427918  Студия портретов на холсте Leon Art. Если вы хотите подарить своим близким бурю эмоций и оставить приятные воспоминания - мы вам в этом поможем! :)  ▫ удобная система оплаты, основную часть за портрет можно оплатить при получении  ▫ делаем портреты ТОЛЬКО на натуральном холст"
262,40322,"ShockMe! Верхние формы, гели, топы, базы и т.д.",https://vk.com/shockmenails,"Парфюмерия, косметика",Москва,"РКН N4963159705 Идеи, техники, стили, тренды маникюра со всего мира! Обзоры материалов, новинок для мастеров маникюра! Видеоуроки по маникюру! Подборки дизайнов маникюра на осень, зиму, весну и лето, события и праздники! ИП Федоров АИ ИНН 774330080140 Адрес 359404, Россия, Калмыкия, п.Салын-Тугтун, "
263,40219,JazzMaster,https://vk.com/jzzmstr,Музыкальные инструменты,Дзержинск,"Продаем музыкальные инструменты с аукционов  По вопросам приобретения,брони писать Владимиру https://vk.com/id28666230  Территориально нахожусь в Нижнем Новгороде, отправляю инструменты в любую точку земного шара транспортной компанией"
264,40218,Мужская Одежда | Магазин со Стилистом Я ЭГОИСТ,https://vk.com/iegoist1,"Стиль, одежда, обувь",Москва,"Стилист Подберёт Готовый Образ из Модной Одежды за 30 мин в 1 Магазине (в Москве или Онлайн)  5 причин одеться в Я Эгоист: ▪️В 10 раз быстрее, чем ездить по торговым центрам ▪️В 5 раз выгоднее, чем купить одежду, которая тебе не идет ▪️Удобнее, чем самому искать и сочетать вещи ▪️Одежда премиального"
265,40181,Магазин игрушек Умняшки,https://vk.com/arhtoys,Товары для детей,Архангельск,"У нас Товары Для Детей 👧  Мы работаем для того, чтобы предоставить Вам       🎈достойный ассортимент       🎈все необходимое для вашего малыша, и  непременно большой выбор      🎈то, что Вы искали и именно то, о чем мечтали Наша цель, чтобы Вы уделяли больше времени общению с детьми, а не тратили свое "
266,40178,Выкройки детской одежды и игрушек.,https://vk.com/lekalo.online,Товары для творчества,Нижний Новгород,"Готовые выкройки с пошаговыми видео инструкциями по пошиву. Бесплатные выкройки. Выкройки игрушек.  Всем, привет! Меня зовут Лена и многие заочно знакомы со мной через канал на YouTube! Я рада приветствовать вас в нашем швейном сообществе!  Навигатор https://taplink.cc/lekalo.online  Магазин тканей "
267,40164,Сварочное оборудование Арт Сварка,https://vk.com/artsvarkaclub,Другие товары,Набережные Челны,"Купить сварочное оборудование в Набережных Челнах и в Казани по низкой цене: * СВАРОЧНОЕ ОБОРУДОВАНИЕ * ПЛАЗМЕННАЯ РЕЗКА * ГАЗОСВАРКА * СРЕДСТВА ЗАЩИТЫ * МАТЕРИАЛЫ * АБРАЗИВНАЯ ПРОДУКЦИЯ  ⚡ Компания ООО ""АРТ СВАРКА"" является официальным дилером сварочного оборудования бренда WIT, START, TIME GROUP, "
268,40156,Мобильные аксессуары и электроника оптом розницу,https://vk.com/trendfu,Товары для дома,Москва,"✅ НИЗКИЕ ЦЕНА 💣 ✅ ВЫСОКОЕ КАЧЕСТВО 🔥 ✅ БЫСТРАЯ ДОСТАВКА 🚚  УСЛОВИЯ СОТРУДНИЧЕСТВА :  -Наш адрес: МКАД, 14-й километр, Тк Садовод ст4-30  -ОТПРАВКА; ТК компании и Почта РФ от 5000 руб. -Оптом от 10000₽ руб.  -Самовывоз от 1 шт. по цене группы,   -Отправка транспортной компанией , автобусом и почтой :"
269,40074,Ёбидоёби — доставка суши и роллов | Питер,https://vk.com/sushi_rolls_spb,Доставка еды,Санкт-Петербург,"Номер заявления № 5378031726  Собственно говоря, а почему бы и нет? :)  Выбирая название для службы доставки, мы постарались выделиться и запомниться Вам раз и навсегда. Иначе говоря – запасть в душу ещё до того, как наши вкуснейшие суши и роллы попадут в ваш желудок.  Это был долгий путь: сотни исп"
270,40055,Сэлдом | Мебель | Интерьер | Подарки,https://vk.com/seldom24,Мебель,Ижевск,Каждый гипермаркет «Сэлдом» – это целый мир. Здесь по максимуму собрано все необходимое для обустройства и меблировки дома.   Более 20 лет мы помогаем сделать Ваш дом уютным и комфортным.   НАШ АССОРТИМЕНТ В наших магазинах представлены более 1000 различных товаров для дома и интерьера. Мебель для г
271,39953,Ландшафтный дизайн с Иваном Шаферовым,https://vk.com/garden_group,Дизайн-студия,Москва,"Привет, я Иван Шаферов. Основатель Гарден Групп  Более 14 лет мы оказываем услуги по всему миру 🌍   В нашу экосистему входят:   🌿 Ландшафтное Бюро - создаем как частные сады так и коммерческие и общественные пространства по всему миру. В команде 40 архитекторов и дизайнеров и за 14 лет мы разработал"
272,39945,Жостовская фабрика декоративной росписи|Жостово,https://vk.com/zhostovskayafabrika,Интерьер,Москва,"C 1825 года в подмосковной деревне Жостово пишут на подносах чудесные цветы. В основе росписи лежит сочный, свободный мазок кисти. Жостовский мастер не работает по образцам – он пишет по воображению, по правилам, усвоенным и отточенным в практике многих поколений. Жостовские подносы из предметов дом"
273,39937,MISSLUX RU | ПАРФЮМ и КОСМЕТИКА,https://vk.com/misslux1,"Парфюмерия, косметика",,"Приглашаем в группу всех кто любит парфюмерию и косметику! 💝В нашем интернет магазине в наличии более 1500 самых ТОПОВЫХ новинок косметики и парфюмерии.  💝Косметика производства Корея, Белоруссия, китайский топовый бренд Bioaqua 💝Парфюмерия высокой концентрации масел производство Швейцария. Суперсто"
274,39846,CityShop | Модная Одежда   К/А 2в-13,https://vk.com/modashopmos,"Одежда, обувь",Москва,"ООО ""РЫНОК ""САДОВОД""   Г МОСКВА,МКАД 14 КИЛОМЕТР ДОР, Д 2, СТР 3  Индекс: 109429  ОГРН 1157746721087  Качество по доступной цене❣️  У нас вы найдете женскую одежду в большом ассортименте по самым выгодным ценам ОПТОМ и в РОЗНИЦУ.  Мы работаем для магазинов, интернет-магазинов, поставщиков торговых с"
275,39831,МобиLike - Магазин электроники,https://vk.com/mobilike_dn,Электроника,Донецк,"Покупай современные гаджеты по низким ценам!  У нас - только качественная техника и оригинальные аксессуары без типичных донецких накруток.  Найдётся всё, что ищешь!  Ждём тебя в наших магазинах, а также в сообщениях группы.  ✅В наличии и под заказ ✅Оптовые цены  ✅Гарантия качества  ✅Настройка  ✅Рем"
276,39781,Мясная лавка в Самаре,https://vk.com/domashnee_myaso_samara,"Продукты питания, напитки",Самара,"Вкуснейшие МЯСНЫЕ ДЕЛИКАТЕСЫ НАТУРАЛЬНОГО ДОМАШНЕГО КОПЧЕНИЯ - копченое мясо (свинина, говядина, курица, гуси, утки, конина), соленое сало, домашние колбасы из кускового мяса, шпикачки, сардельки, сосиски, купаты, тушёнка, а также ДОМАШНИЕ ПОЛУФАБРИКАТЫ.  Цены на продукцию:  https://vk.com/market-18"
277,39682,"АБХАЗСКИЙ БЕРЕГ - Абхазия: Гагра, Пицунда, Сухум",https://vk.com/abhazbereg,Гостиница,Пицунда,"Не бронируйте в Абхазии отели, пока не увидите наш каталог!   Привет, меня зовут Дарья, и в этой группе я размещаю каталог отелей в Абхазии - республике с самым чистым морем и роскошной природой 🏔️ 🌊 ☀️   Только проверенные лично мной отели, с подробнейшими обзорами номеров, территории, собираю отзы"
278,39661,Магазин одежды и обуви Алекс,https://vk.com/magazin_happy_alex,Детская одежда и обувь,Донецк,"Детская одежда от рождения! 🌟👛Более 50000 довольных покупателей🛒💰 🔥Нам доверяют 11 лет❤️ 🌷С любовью к каждому😍 Мы находимся: г. Донецк, 📌ТРЦ Золотое Кольцо, 2й этаж (над подземным переходом)  🕰С 9.30 до 18.00 ежедневно ☎+7 (949) 303 09 80 Феникс, Telegram, WhatsApp Пересылка почтой Донбасса по ДНР и"
279,39661,NIKIFILINI STORE,https://vk.com/nikifilini_store,"Стиль, одежда, обувь",Москва,Официальный интернет магазин бренда NIKIFILINI  Работаем с 2015 года
280,39639,Пища жизни Донецк Благотворительная организация,https://vk.com/foodforlifedonetsk,Благотворительность,,"Донецкое республиканское отделение Межрегиональной благотворительной общественной организации «Пища Жизни» (далее - ""Пища жизни Донецк"") является гуманитарной благотворительной миссией по раздаче здоровой вегетарианской пищи социально-незащищённым слоям населения, а также людям, пострадавшим вследст"
281,39616,"Дневники Онлайн - читай бесплатно.Книги,конкурсы",https://vk.com/dnevnikionline,Литература,Санкт-Петербург,"Онлайн зал для читателей с широким кругозором. Разнообразие жанров. От эссе до многотомных романов. Возможность бесплатного чтения и предзаказа книг с автографами авторов. Печатные, звуковые, электронные издания."
282,39582,Ювелирный Дом Kabarovsky,https://vk.com/kabarovsky,Ювелирные изделия,Кострома,"Kabarovsky — креативный и технологичный ювелирный бренд из России.  В стенах Ювелирного Дома тусклый холодный металл превращается в яркие, сияющие украшения, которые дарят людям радость и счастье.  В нашем ассортименте вы найдете актуальные и стильные украшения из золота и серебра, соединяющие в себ"
283,39580,Цветы | Шары | Доставка | Красноярск,https://vk.com/la_buton24,Цветы,Красноярск,"Почему выбирают нас? • Быстрая доставка за 2 часа. • Флористы профессионалы с флористическим образованием. • Гарантия свежести цветов. Поставки каждые 3 дня, хранение в специальных условиях, чтобы Вам доставались только свежайшие розы. • Бережный уход. Используем эксклюзивные подкормки, для того, чт"
284,39568,Амигуруми ( схемы игрушек мк описания ),https://vk.com/mania_hobby,Творчество,Краснодар,МК от лучших мастеров
285,39550,Candy shop • k-pop albums,https://vk.com/candy_shop_spb,Другие товары,Санкт-Петербург,"Приветствуем Вас в магазинчике k-pop альбомов и прочих вкусностей!   ТГ t.me/candyshopspb  WB clck.ru/3R3xah OZON clck.ru/3R3xa3  Наши преимущества: • Физический магазин в ""Этажах"" на Лиговском (этаж 2.0) • привозим официально и напрямую из Южной Кореи • качественная упаковка и обслуживание • быстра"
286,39547,Philips TV,https://vk.com/philipstvrussia,Бытовая техника,Москва,"Телевизионная техника Philips – это инновационные технологии, которые заботятся о ваших впечатлениях. Откройте доступ к контенту на совершенном новом уровне"
287,39540,Crowd Games. Издательство настольных игр,https://vk.com/crowdgames,Настольные игры,Москва,"Мы издаём лучшие мировые настольные игры на русском языке, предлагая их по доступной цене и без потерь в качестве.  Правила общения в сообществе: vk.com/@crowdgames-pravila-obscheniya-v-soobschestve.  https://www.gosuslugi.ru/snet/6794d961509aba56521d601e  #cg_новостисколёс — новости с колёс, прибыт"
288,39473,Автошкола «Фара»,https://vk.com/auto_fara,Автошкола,Санкт-Петербург,"💬 Более 10 000 положительных отзывов 📱 Собственное мобильное приложение 📍 20 филиалов по всему СПб 💸 Никаких скрытых платежей 💻 Онлайн и офлайн обучение  И это еще не все. Свежие иномарки для вождения, инструкторы с многолетним опытом, вежливые администраторы. Кроме этого всего мы помогаем советами "
289,39436,Вязаные чудеса - игрушки и мастер-классы,https://vk.com/mycrochetwonders,Дизайнер,,"Меня зовут Марина Чучкалова.  Добро пожаловать в мой мир вязаных чудес!  Данная страница сообщества включена в перечень персональных страниц, объем аудитории каждой из которых составляет более десяти тысяч пользователей социальной сети. https://knd.gov.ru/license?id=6762838196de59064d053c6b&registry"
290,39432,Авторазбор Завидовка,https://vk.com/club153939126,Автотовары,Завидовка,"Авторазбор Завидовка , продажа б/у запчастей и кузовных деталей.       В разборе имеется большое количество авто, как отечественных, так и иномарок.     Режим работы с 9:00 до 17:00.        ВТОРНИК ВЫХОДНОЙ!!! Узнать наличие запчастей можно в ватсап и вайбер по номеру +7 951 142-29-22 Александр (тол"
291,39408,КУКЛЫ и ИГРУШКИ РУЧНОЙ РАБОТЫ. СПб,https://vk.com/pulinka_toys,Творчество,Санкт-Петербург,"Интерьерные игрушки. Санкт-Петербург. Я Катя Пулина, создаю интерьерные куклы ручной работы c 2015 года) Кукла - отличный, эксклюзивный подарок на свадьбу, юбилей, день рождения для ребенка, для взрослого и конечно же для себя :))) Все игрушки ручной работы в единственном  экземпляре.  На стене груп"
292,39403,"Авто из Китая, Кореи, Европы и Японии | Абр",https://vk.com/avtobezriskov,Услуги для автовладельцев,Москва,Заявление в РКН № 7106854564  🚗 Автомобили из-за рубежа БЕЗ РИСКОВ 🇨🇳 Китай | 🇰🇷 Корея | 🇪🇺 Европа | 🇯🇵 Япония  📌 Почему доверяют автобезрисков.рф: 🔹 10 лет опыта в профессиональном автоподборе 🔹 1000+ автомобилей успешно привезено из-за рубежа 🔹 Прозрачная работа и сопровождение на всех этапах 🔹 То
293,39401,Nemoloko,https://vk.com/etovamnemoloko,"Диеты, здоровое питание",,"№4937882490 №4937997373   Nemoloko — это здоровый и полезный продукт, который можно и нужно включать в рацион питания.   Nemoloko — это гуманный продукт для всех — для людей, для животных и для окружающей нас среды.  Используйте Nemoloko вместо молока.  Мы уверены — вам понравится.  Регистрация в пе"
294,39395,"Anastasia Petrova. Платья, юбки, платки.",https://vk.com/apfashion,"Одежда, обувь",Москва,"Каталог товаров: https://vk.com/market-47105838 . 📌Внимание!  Участились случаи мошенничества, когда вам пишут с незнакомых страниц. Будьте внимательны!"
295,39347,Детская одежда Safon,https://vk.com/safon.brand,"Одежда, обувь",Краснодар,"Детская одежда Safon -  сочетание  комфорта и стиля!  👶🏻 Одеваем деток от 50 до 98 размера Комбинезоны, костюмы, шапки, слипы, боди  📱 Мы есть на Wildberries, Ozon  *Индивидуальный предприниматель Сафонова Оксана Юрьевна.  ИНН: 235309481800  Свидетельство на товарный знак ""SAFON""  №933658"
296,39334,Атоми Корейская Косметика и Здоровье | Atomy 美,https://vk.com/atomy__cosmetics,"Парфюмерия, косметика",,Атоми — Клубный интернет-магазин из Южной Кореи 🇰🇷 Работаем в 53 странах и имеем 16 млн. счастливых клиентов. Премиаль ная продукция по по доступной цене.  Дистрибьютер Компании 💙  👌 Оригинальная продукция из Кореи; 📦 Низкие цены для участников клуба; 🚛 Бесплатный самовывоз / доставка; 🥰 Покупайте б
297,39318,Поставщик Садовод Б-2Д-101 | Москва C&C Store,https://vk.com/ccs_ccs,"Одежда, обувь",Москва,"Привет!  Мы — C&C Store (Ji-Cat Cat-Store), поставщики одежды с рынка Садовод в Москве.  📍Наш павильон находится по адресу:  г. Москва, МКАД, 14-й километр, стр. 4, рынок Садовод, ТЦ, корпус Б, 2 этаж, линия Д, павильон 101. 📍   Мы специализируемся на женской одежде и предлагаем выгодные условия для"
298,39311,МАГАЗИН ХИП-ХОП ОДЕЖДЫ - MAD DEUCE HIP-HOP SHOP,https://vk.com/maddeucestore,"Одежда, обувь",Москва,"МАГАЗИН HIP-HOP и R'n'B  ОДЕЖДЫ «MAD DEUCE»(Мэд Дьюс) В МОСКВЕ - vk.com/page-1269569_7466455, ИЛИ ДОСТАВКА ПО РОССИИ - vk.com/page-1269569_43896033. ЗАКАЗЫ ПРИНИМАЕТ ТОЛЬКО - http://vk.com/maddeuce !!! ОСТАЛЬНОЕ МОШЕННИКИ !!! Наш магазин представляет Вам широкий ассортимент модной молодежной одежды,"
299,39311,Jenavi - ЮВЕЛИРНАЯ БИЖУТЕРИЯ online shop JEVI.RU,https://vk.com/jevi_ru,"Украшения, бижутерия ",,ЮВЕЛИРНАЯ БИЖУТЕРИЯ С КРИСТАЛЛАМИ SWAROVSKI  ----------------------------------------------------------- ----------------ИНТЕРНЕТ-МАГАЗИН----------------- ----------------WWW.JEVI.RU —--------------------- ----------------------------------------------------------  Добро пожаловать в нашу группу.  В
300,39257,Лоскутное шитьё / Марина Сохончук,https://vk.com/clubroolen,Творчество,Волгоград,"Лоскутные мастер-классы, совместные пошивы, идеи и вдохновение.  Здесь всегда интересно! Присоединяйтесь!"
301,39218,Прелесть Professional,https://vk.com/prelest_professional,"Парфюмерия, косметика",Москва,"Бренд Прелесть Pro — ваш индивидуальный проводник к красоте волос каждый день!  Мы предлагаем женщинам, ценящим красоту и уход за собой, окунуться в мир модных тенденций и всегда выглядеть безупречно! Поэтому в нашем ассортименте вы найдете доступные стайлинговые и уходовые средства для быстрого и э"
302,39167,Huawei Mobile Belarus,https://vk.com/huaweimobileby,Электроника,Минск,"Добро пожаловать на официальную страницу бизнес-подразделения Huawei Consumer Business Group в Беларуси. Присоединяйтесь, чтобы быть в курсе мобильных инноваций и технологий!  Наши продукты - смартфоны, планшеты, смарт-часы, наушники и другие гаджеты - доступны у наших партнеров МТС, A1, «5 элемент»"
303,39135,Xtribal уникальные украшения,https://vk.com/x_tribal,"Украшения, бижутерия ",Москва,"Дорогие Друзья, магазин ""Xtribal"" предлагает вам уникальные украшения ручной работы, выполненные исключительно из натуральных материалов, собранных со всего мира. Мы специализируемся на серьгах необычных форм, тоннелях, уникальных обманках, редкой красоты кулонах, кольцах, бусах, браслетах, ожерелья"
304,39102,Сон и Я | Постельные принадлежности,https://vk.com/son_i_ya_43,Товары для дома,Киров,"Номер заявления 4941911409 Сеть магазинов «Сон и Я» специализируется на продаже постельных принадлежностей, подушек, одеял, матрасов, комплектов постельного белья, покрывал, пледов, трикотажных и махровых изделий в Кирове и области. Кроме того, в магазинах нашей сети вы можете приобрести одежду для "
305,39098,Мебель Кирова,https://vk.com/mebelkirova,Мебель,Киров,"✔ Специализируемся на Изготовлении Кухонных Гарнитуров и Шкафов. ✔ Работаем с 2013 года. ✔ Заключаем Договор, Предоставляем Гарантию. ✔ Выезд на Замеры (кухни и шкафы) по Кирову - Бесплатно. Тел.: 75-30-85 ✔ МАХ 8-922-975-30-85 ✔ Расчет Стоимости Кухни Онлайн - https://vk.com/mebelkirova?w=app561968"
306,39085,"Магазин тканей QUEEN FATIN Фатин, атлас, хлопок",https://vk.com/fatinoptom,Товары для творчества,Санкт-Петербург,"QUEEN FATIN | Магазин тканей СПб и интернет-магазин тканей по всей России ⠀ 📍 Магазин тканей в Санкт-Петербурге и интернет-магазин тканей с доставкой по России и за рубеж ⠀ 🧵 У нас вы найдете ткани для: • свадебных платьев • вечерних нарядов • костюмов, шоурумов, ателье • хобби, творчества, пошива н"
307,39068,Мастерская ODRI ( ODRI Studio),https://vk.com/club182690513,Другие хобби,,Вяжем салфетки вместе
308,39047,Rus Fashion |одежда | Садовод Ст4-71,https://vk.com/sadovod_style,"Одежда, обувь",Москва,"• Отправка от 1 вещи по РФ и СНГ • Самовывоз/посредник также • Можно забронировать товар • Розница с примеркой по розничной цене • Возврата нет! Обмен в случаях брака • Предоставляем живые фото и видео • Luxe качество - фабричный Китай,Турция Корея."
309,39011,"Клуб ТРИКОНЯ| походы, туризм, активный отдых!",https://vk.com/trikonia,"Туры, экскурсии",Красноярск,"Туристический клуб ""ТРИКОНЯ"" - Ваш путеводитель в мире АКТИВНОГО ТУРИЗМА с 2012 года! Номер в Едином реестре туроператоров РТО 020382   С нами активный ОТДЫХ ДОСТУПЕН КАЖДОМУ!  КАЛЕНДАРЬ ПУТЕШЕСТВИЙ Туристического клуба ""ТРИКОНЯ"" trikonia.ru/catalog  сайт: trikonia.ru telegram: t.me/trikoniaclub ins"
310,39009,САДАВОД ОБУВИ Корпус Б 2г-88 в розницу и оптом,https://vk.com/krossbar_sadavod,"Одежда, обувь",,"ГОРОД МОСКВА РЫНОК САДАВОД Корпус-Б 2г-88 Обувь Садавод штучно! Уважйми покупатель Прежде чем задавать вопросы в личных сообщениях, мы очень просим прочитать данный пост. Это сэкономит ваше и наше время‼  УСЛОВИЯ РАБОТЫ И ЧАСТЫЕ ВОПРОСЫ:  Где вы находитесь❓❓❓ Мы находимся на рынке ""Садовод"",  Корпус"
311,38993,iStore • Магазин • Apple • iPhone l Донецк,https://vk.com/istore_dn,Электроника,Донецк,"🍏«iStore» - это магазин оригинальной техники Apple, Samsung, Dyson, PlayStation, Яндекс и премиальных аксессуаров.  ☝️Мы на рынке с 2016 года. За это время более 20 000 человек стали нашими клиентами.  🤝Каждый день мы встречаем поклонников качественной техники в нашем флагманском магазине. Здесь в а"
312,38980,"""ТКАНИ ВАЛЕНТИНА"" -  Магазин тканей Италии в СПб",https://vk.com/tkanivalentinaspb,Другие товары,Санкт-Петербург,"🎀ИТАЛЬЯНСКИЕ ОДЕЖНЫЕ ТКАНИ В САНКТ-ПЕТЕРБУРГЕ С 2002г.🎀 СПб, ул. К.Заслонова, д.1 ст. метро Лиговский пр. Ежедневно, с 11.00 до 20.00, розница и опт (812)712-31-43, 8(905)289-29-84 (Telegram, WApp, Viber) Доставка по СПб и РФ."
313,38945,Сити Эскейп - клуб походов и приключений,https://vk.com/cityescapeclub,"Туризм, путешествия",Москва,"Турклуб City Escape — это увлеченные люди, для которых походы и путешествия — смысл жизни. Наша команда инструкторов с 2015 года занимается организацией самых разных путешествий – от тренировочных выходов в Подмосковье до многодневных экспедиций в труднодоступные уголки нашей страны, горных походов,"
314,38938,"Магазин одежды для новорожденных ""Лялечка""",https://vk.com/lyalyaekb,Детская одежда и обувь,Екатеринбург,"Комплекты и конверты для выписки на любой сезон, комбинезоны и одежда для новорождённых и малышей! Отправка по всей России"
315,38936,Хигаси суши,https://vk.com/higasi,Доставка еды,Калуга,ХИГАСИ - служба доставки суши и роллов в Калуге и Туле!    • Богатейший выбор японских блюд  • Только самые качественные ингредиенты  • Лучшие цены в городе  • Регулярные конкурсы и акции  • Акции для питомцев и натуральный корм в подарок  • Огромная любовь и уважение к нашим клиентам    Тула: 716-8
316,38915,Фолк-рок группа Сколот,https://vk.com/skolot_tambov,Рок,Тамбов,"Творчество группы ""Сколот""- это прежде всего авторская музыка с использованием инструментов и стилистики славяно-русского, скандинавского и кельтского фольклора в современном звучании.  Музыкальные композиции посвящены большому периоду истории славяно-русской культуры - от древнейших времен до наших"
317,38903,Искусственные Цветы 30-61 | Elshad | ТК Садовод,https://vk.com/christmastree3330,Товары для праздников,,Искусственные цветы | Широкий ассортимент в ТК «Садовод» Добро пожаловать в мир изысканных искусственных цветов! У нас вы найдёте идеальные решения для декора любого пространства: роскошные букеты на любой вкус; отдельные цветы и композиции для интерьера; декоративные ветки и зелень; свадебные компо
318,38836,Ёбидоёби Россия,https://vk.com/sushiyobidoyobi,Доставка еды,,"Собственно говоря, а почему бы и нет? :)  Выбирая название для службы доставки, мы постарались выделиться и запомниться Вам раз и навсегда. Иначе говоря – запасть в душу ещё до того, как наши вкуснейшие суши и роллы попадут в ваш желудок.  Это был долгий путь: сотни исписанных страниц, десятки часов"
319,38812,Украшения из натуральных камней | Гранада,https://vk.com/granadastone,"Украшения, бижутерия ",Москва,Авторские трендовые дизайны и премиум материалы 💕  Ваше ВАУ при открытие коробочки и эмоции от моих украшений - лучшая награда 😍  • 1500+ отзывов довольных клиентов. • 100 видов камней. • Все камни проверены на подлинность в Московской Геммологической Лаборатории. • Гарантия. • Напыление родий или п
320,38800,Вязаные игрушки Евгении Гавриловой,https://vk.com/evgenia_knitted_toys,Творчество,,"Регистрация в РКН  https://knd.gov.ru/license?id=6759b9f70acf9c1f42ebfcfe&registryType=bloggersPermission  Дорогой друг! Привет! 😊 Меня зовут Евгения Гаврилова, я люблю творить, люблю создавать что-то новое и интересное! 💕 Сейчас увлекаюсь вязанием, пока что ""не волшебник, а только учусь""! Поэтому х"
321,38733,Туроператор Небо56 | Оренбург,https://vk.com/nebo56,Туристическое агентство,Оренбург,"ООО ""Оренбургский центр внутреннего туризма. Туроператор Небо56  Наши основные направления:  - Туры выходного дня  из Оренбурга  ● горнолыжные поездки (Банное, Абзаково, Белорецк, Аджигардак,Ташла, Кувандык)  ● экскурсионные туры (Казань, Уфа, Самара, Аркаим, Тольятти, Нижний Новгород и т.д);  ● экс"
322,38703,Alina Shop | Садовод 24-67,https://vk.com/sadavodshoping,"Одежда, обувь",Москва,"Прямой поставщик женской одежды до 74 размера!  💕 Отправляем при заказе от 3000₽, можно разных вещей и размеров 💕 Штучно самовывоз с нашей точки 💕 Можно забронировать понравившуюся вещь 💕 ТК Садовод, место 24-67  💕 Контакты для связи и только туда писать по заказам!   - https://vk.me/sadavodshoping "
323,38697,Zollider,https://vk.com/zollider,"Парфюмерия, косметика",,"№ 7159113556  Zollider — мужской порядок, ничего лишнего  Минимум средств для максимального результата. Для мужского ухода не требуется огромного арсенала средств. Только по-настоящему эффективные и необходимые продукты.  https://knd.gov.ru/license?id=676ff13c6aa9672b96351666&registryType=bloggersPe"
324,38683,Рыбалка в Марий Эл | Рыбалка Йошкар-Ола | Рыбаки,https://vk.com/fishing12,ВКонтакте,Йошкар-Ола,"Группа ""Рыбалка в Марий Эл"" была создана в 2008 году. Ее цель - объединить рыбаков Йошкар-Олы и всей республики Марий Эл. В группе у нас есть уникальная возможность общаться, обмениваться опытом и интересными наблюдениями. Здесь вы узнаете: а) самые ""клёвые"" места республики. б) самые распространенн"
325,38645,ТЕЛО ГОВОРИТ: книги по психосоматике,https://vk.com/book_telogovorit,Литература,,"Самая популярная серия книг по научной психосоматике в России! О чем говорит тело? Как эмоции влияют на его здоровье? Что делать с тревогой и стрессом?  Упражнения, практические и теоретические материалы, а также уникальные знания, которыми автор делится с читателями!   ⭐Новая книга ""ГОЛОД ТЕЛА"":  ⭐"
326,38635,Сумки Люкс Садовод 23-122,https://vk.com/club184506091,"Одежда, обувь",Москва,"✅УСЛОВИЯ РАБОТЫ Отправка для регионов от 3х или 1x сумок автобусом и транспортной компанией (Байкал сервис, Пэк, сдэк, Деловые линии); доставка⛟ от нас до ТК за груз любого объёма -200₽; доставка  до автобуса🚌 на Садоводе- 100₽Так же есть отправка ПОЧТОЙ РОССИИ🛫🚅 от 1 сумки, стоимость отправки  за 1"
327,38595,MisterProt | Спортивное питание без добавок,https://vk.com/mister_prot,Спортивное питание,Ставрополь,"Спортивное питание без добавления подсластителей, пеногасителей, загустителей и т.п.:  1 - экономия до 60% ваших расходов; 2 - высокое содержание целевых компонентов; 3 - ничего лишнего в составе! 4 - вкусы приобретаются по желанию отдельно)  Возможна оплата при получении! Быстрая отправка в регионы"
328,38590,Велосипеды | Коляски | Электровело СтильНяшки,https://vk.com/stilnyashki43,Товары для детей,Киров,💫В нашем магазине вы можете найти большой ассортимент детских товаров в наличии по самым привлекательным ценам в Кирове  СтильНяшки Киров Велосипеды | Электромобили Коляски | Снегокаты | Электровелосипеды Офисные и игровые кресла | Ёлки литые | Санки 🛷   Коляски Тюбинг  Санки 🛷  Санки-коляска Электр
329,38559,AUTO ACCENT 09/105  Автоаксессуары.,https://vk.com/avtoaccentt,Автопроизводитель,Москва,"⚡⚡⚡ПРЯМОЙ ПОСТАВЩИК ⚡⚡⚡  📎 Наше место ТК Садовод 09/105 автоаксессуары 📎 Работаем напрямую с заводами-изготовителями. Автоаксессуары купить дешево. Подголовники для автомобилей с логотипом.Автомобильные  брелки с логотипом. Авто парфюм с логотипом.  📎🔥🔥🔥Отправка от 5000 рублей любыми ТК, автобусами."
330,38498,Exclusive,https://vk.com/shop_exclusive,Другие товары,,"Официальный производитель обложек, клатчей, сумок, ремней, портмоне и других аксессуаров по индивидуальному заказу.   ▪ Работаем с 2014 года ▪ Более 3500 отзывов в ВК ▪ Возможна оплата при получении ▪ Фото\видео готового заказа"
331,38480,CHERRYBOOM SHOES обувь,https://vk.com/cherryb_shoes,"Одежда, обувь",,"4949811151  Каждая коллекция сделана с любовью!   ИП Рабченок Леонид Олегович ИНН 744716296664 Юридический адрес: 454084, Челябинская обл, Челябинск г, Болейко ул, дом № 2, кв.153 ОГРН 318745600161441  Сайт: www.cherry-shoes.ru Telegram https://t.me/cherryb_shoes_official"
332,38470,CLINLICAR | Автоподбор,https://vk.com/clinlicar,Услуги для автовладельцев,Санкт-Петербург,🟢ClinliCar - один из лидеров на рынке по автоподбору и импорту автомобилей с пробегом.      ✅10 лет на рынке автоуслуг. Работаем с 2016г.     ✅4 филиала: Санкт-Петербург Москва Екатеринбург Минск (Беларусь)     ✅В нашей компании работают только квалифицированные эксперты.     ✅Наши эксперты произвел
333,38437,Путешествия и туризм! Туроператор ОСР,https://vk.com/clubkscop,"Туры, экскурсии",Санкт-Петербург,"Я путешествую, значит я живу!  ""ОСР"" - открой свою Россию!   Туроператор с опытом 20 лет.  Реестр туроператоров № В031-00161-77/01942501  Наш МАХ канал: https://max.ru/id9728030631_biz  Группа в МАХ для АГЕНТСТВ: https://max.ru/join/GyPuQnGbZO3qlPLuYTMUKtwEKV0hoykg-s1cvBUHrrw  Санкт-Петербург, Москв"
334,38437,UTECH,https://vk.com/utech_russia,"Строительные материалы, инструменты",Химки,UTECH  - это российский производитель и поставщик комплексных инженерных продуктов и решений для крупномасштабных строительных и промышленных проектов с открытым партнёрским подходом на каждом этапе сотрудничества – от проектирования до эксплуатации.  Регистрация в РКН https://www.gosuslugi.ru/snet/
335,38434,Детская одежда. Машинная вышивка,https://vk.com/babydecor,Детская одежда и обувь,Санкт-Петербург,"BabyDecor - это, в первую очередь, магазин эксклюзивной детской одежды. Эксклюзив и оригинальность которой, кроме авторских платьев и авторской одежды, придаёт машинная вышивка по индивидуальным макетам и инкрустация стразами Swarovski.  Кроме того мы предлагаем любую вышивку на банных халатах, поло"
336,38419,● Леший ● Туризм | Выживание | Тактика,https://vk.com/leshiy_online,Активный отдых,Новосибирск,"Мы рады представить вам интересную и полезную информацию о методах и способах выживания в дикой природе, о туризме и военных играх.  Кроме того представляем широкий ассортимент товаров, которые помогут в походе, на охоте и рыбалке или в любой экстремальной ситуации. А так же товары для страйкбола и "
337,38415,Мир Лоскутов - ткани для лоскутного шитья,https://vk.com/mirloskutov,Товары для творчества,Москва,"Мир лоскутов.ру -  интернет магазин отечественных тканей для лоскутного шитья.  Мы создаем готовые наборы для пошива лоскутных одеял и наборы лоскутов для пэчворка. В продаже бязь, перкаль, шуйский ситец. Доставляем заказы почтой и транспортными компаниями. тел: 89055828604  Эл. почта: mail@mirlosku"
338,38351,Садовник,https://vk.com/sadovnik43,"Товары для дачи, огорода",Киров,"🌱 Добро пожаловать в наш магазин ""Садовник""! Здесь вы найдете все необходимое для создания настоящего уютного уголка природы у себя на даче. Мы предлагаем широкий ассортимент качественного посадочного материала, рассады, хвойных, декоративных и плодовых растений, чтобы вы могли создать свой собствен"
339,38341,Игрушки Садовод 9 линия 90-92 павильон,https://vk.com/sadovod_igrushka,"Игры, игрушки",,УСЛОВИЯ РАБОТЫ И ЧАСТЫЕ ВОПРОСЫ:   🚶🚶🏃🏃🏃✅ 1. Как оформить заказ  Отправьте в личные сообщения фото  Мы уточняем по наличию и считаем сумму заказа Вы оплачиваете Мы отправляем  Так же заказ можно отправить на what’s app телеграм+ 79037072112 3. Чьё производство. Китай   Заказ принимаем для отправка о
340,38340,ГАРВИН - удобный поставщик инструмента,https://vk.com/garwin_tools,"Строительные материалы, инструменты",Санкт-Петербург,Компания ГАРВИН | GARWIN (ГаражТулс) — эксперт в области поставок профессионального и промышленного инструмента.  Почему клиенты выбирают нас: ⏱ 30 минут. Быстрая обработка запросов 🔧 100 торговых точек по России и СНГ 📈 29 лет экспертизы в инжиниринге - оптимизируем затраты промышленных производств
341,38321,Магия Игрушки. Ирина Лукьянова,https://vk.com/magictoysclub,Творчество,,"Ёлочные и интерьерные игрушки своими руками. Создаю с душой, учу с удовольствием  Регистрация в Роскомнадзоре https://gosuslugi.ru/snet/68c189c4a1e444013f28d482"
342,38300,SolarDream. Схемы для вязания с бисером.,https://vk.com/club134202115,Творчество,Балашиха,"ДОБРО ПОЖАЛОВАТЬ в нашу группу.  Авторские схемы для вязания с бисером.   Группа "" SolarDream. Схемы для вязания с бисером. "" включена в перечень персональных страниц, объем аудитории каждой из которых составляет более десяти тысяч пользователей социальной сети :  https://gosuslugi.ru/snet/67972610c"
343,38275,Бомбочки | Гипс | Свечи |Обучение,https://vk.com/ro_sa_love,Творчество,,"Добро пожаловать в пространство творчества и красивых ароматных изделий 🌿  Здесь вы найдёте всё о создании бомбочек для ванны, свечей, гипсовых изделий и уходовой косметики — просто, понятно и с поддержкой практикующего мастера.  Это место для вас, если вы хотите: • научиться создавать бомбочки, скр"
344,38270,Набойка. Штампы.Мастерская Катерины Кондратьевой,https://vk.com/naboyka,Товары для творчества,Санкт-Петербург,"Хотите перенести свои узоры на ткань, бумагу, керамику, глину, кожу, полимерную глину и другие поверхности — без сложных станков и больших вложений? Здесь вы найдёте штампы из твёрдых пород дерева, которые прослужат долгие годы и помогут в работе с самыми разными материалами, будь то текстильные про"
345,38217,"Айфон телефоны Тыва Кызыл продать, обмен",https://vk.com/prodamiphonekyzyl1,"Техника, электроника",Кызыл,"🔥ВАЖНАЯ ИНФОРМАЦИЯ🔥  Добро пожаловать! Мы занимаемся продажей и приемом ЛУЧШЕЙ б/у техники (телефоны lphone, ноутбуки) в Республике Тыва.  ⚡Даем ГАРАНТИЮ 14 дней на нашу технику. ⚡ Работаем только с ЛУЧШИМИ и САМЫМИ ПРОВЕРЕННЫМИ товарами. ⚡ Вам срочно нужны деньги? Мы примем вашу технику по хорошей "
346,38144,Доберманы Life,https://vk.com/dober_life,Домашние и дикие животные,,"Роскомнадзор № 6034839608  Доберман — символ интеллекта, смелости и преданности. Наша группа для любителей этой выдающейся породы — делимся фото и видео, полезной информацией, советами, историями и опытом. Обсуждаем уход, воспитание, безопасность и все, что связано с нашими замечательными питомцами."
347,38137,Женская Одежда VOJIB К.А 2Б 35,https://vk.com/vojib_abduloev,"Одежда, обувь",Москва,Женская Одежда Оптом и в Розницу Садовод ТЦ  2Б 35 К.А
348,38105,"Авторские духи и ароматы ""Siordia Parfums""",https://vk.com/siordia_parfums,"Парфюмерия, косметика",Ростов-на-Дону,"Авторские ароматы “Siordia parfums” создаются по любимым книгам и фильмам! У нас вы найдёте ароматы посвящённые вселенной “Ведьмака”, “Игре Престолов”, “Властелину Колец”, “Гарри Поттеру” и другим персонажам книг, сериалов и фильмов, историческим личностям, художникам и даже событиям!   В нашем сооб"
349,38077,Victoria Stenova,https://vk.com/stenova,Интерьер,,"🔹 Компания Victoria Stenova разрабатывает дизайны обоев и производит их совместно с Генеральным партнером ООО ""Маякпринт"".   🔹 Мы стремимся внести на рынок новые идеи для создания современных интерьеров и инновационный подход к производству обоев, используя только высококачественное сырье.   🔹 В 201"
350,38040,Видеорегистраторы Mio,https://vk.com/mio_russia,Автотовары,,Компания Mio Technology — ведущий разработчик и производитель электроники для автомобилистов. Видеорегистраторы Mio давно заслужили признание пользователей за высокое качество устройств и постпродажный сервис.
351,38038,Тур360 | Турфирма | Волгоград Волжский,https://vk.com/tur__360,Активный отдых,Волгоград,"Автобусные туры по России, в Беларусь и Абхазию.  10 лет в туризме!  Путешествия - это не просто наша работа, это наша любовь и образ жизни!   Почему нас выбирают?  ✔️ Официальный туроператор России (внесены в реестр Ростуризма) ✔️ Выгодные автобусные туры, где всё продумано за вас! ✔️ Большой выбор"
352,38018,Корпус Б 2Б-34 «GLAMOUR SHOP»,https://vk.com/glamourshop22,"Одежда, обувь",Москва,"Наш адрес: Рынок Садовод,  Корпус Б 2Б-34 Watsapp Messenger: +7977-716-10-29 ❤УСЛОВИЯ СОТРУДНИЧЕСТВА:❤ ✅ График работы: ✳с пн-вс 6-00 до 18-00 💹  🤗Всех ждём 😍 ✅ Тел: +7 977-716-10-29 ✅ Отправка в любой город почтой России или транспортной компанией💌🚛 🚌🚅 ОТПРАВКА: от 2000руб. 🚶‍♂🚶‍♀Самовывоз от 1шт. "
353,37957,Женская одежда оптом и в розницу Садовод Ст6-38,https://vk.com/saani_store,"Одежда, обувь",Москва,"Добро пожаловать в наше сообщество в VK О нас: компания «SAANI» основана   в 2016 году. С тех самых пор мы продаем модную женскую одежду как оптом так и в розницу.  Адрес магазина: г. Москва, 14 км МКАД, торговый комплекс Садовод, линия ст-6 павильон 38; Часы работы: с 08:00 до 19:00  ✅ Номера рабоч"
354,37896,ЛенКартофель | Доставка натуральных продуктов,https://vk.com/lenkartofel,"Продукты питания, напитки",Санкт-Петербург,"Доставка вкусных и свежих овощей, фруктов, орехов, сухофруктов, зелени и мёда до квартиры по Санкт-Петербургу и Ленинградской области.  Привезём натуральные вкусные овощи и фрукты прямо к Вам домой или в офис.  Мы осуществляем бесплатную доставку при заказе от 2500 руб. в пределах КАД + Мурино/Девят"
355,37890,PALMOST | ПАЛМОСТ,https://vk.com/prosto_palmost,"Стиль, одежда, обувь",Севастополь,"Жизнь российского бренда одежды со всеми вытекающими!  PALMOST - наш бренд одежды, все товары которого можно приобрести на сайте Wildberries - https://www.wildberries.ru/brands/palmost  На все вопросы отвечаем в ЛС группы."
356,37870,Мебельный Светофор,https://vk.com/mebelsvetofor,Мебель,,"Компания «Мебельный светофор» занимается продажей недорогой и качественной мебели отечественного производства.  Мы доставляем мебель напрямую со склада фабрик и именно поэтому у неё низкая цена.   Почему стоит выбрать Мебельный Светофор? ~Гарантия низкой цены  ~Постоянный складской запас, заводская "
357,37845,БАШГИД | Экскурсии и Туры по Башкирии,https://vk.com/bashgid_str,"Туры, экскурсии",Стерлитамак,"Проект инициирован РО ""Русское Географическое Общество"" в Республике Башкортостан для организации безопасных выездов на природу и школьных экскурсий в рамках развития внутреннего туризма в регионе.  Мы организуем увлекательные, познавательные, иногда оздоровительные, но всегда замечательные и веселы"
358,37832,Натали | Трикотаж от производителя | Иваново,https://vk.com/nataliivanovo,"Одежда, обувь",Иваново,Официальное сообщество Маркетплейса «Натали» и бренда «Натали Суслова»  Крупное производство трикотажных изделий в Иваново. Создаем качественный текстиль для всей семьи по честным ценам.  Оптом и в розницу.  Производим сами-контролируем качество на каждом этапе. Доставка по РФ. Открыты к сотрудничес
359,37830,Нескучные финансы,https://vk.com/noboring_finance,"Консалтинг, бизнес-услуги",Москва,"Важные новости и честные истории про бизнес и финансы. Помогаем малому бизнесу стать устойчивым и прибыльным.  Управленческий учет — система управления бизнесом на основе цифр, «приборная панель» каждого предпринимателя. Мы помогаем собственникам обрести такой инструмент, чтобы избавиться от проблем"
360,37777,ЭТНО КОД - ювелирные украшения со смыслом,https://vk.com/etno.store,"Украшения, бижутерия ",Нижний Новгород,💎 ЭТНО — эксклюзивные украшения из серебра с золотом и натуральными камнями ручной работы с энергетикой природных стихий.    Серебро с золотом и драгоценными и полудрагоценными камнями РУЧНОЙ РАБОТЫ с доставкой до вас за 3-6 дней.   Украшения отправляем в фирменной деревянной шкатулке и подарочной у
361,37720,Издательский Дом Мещерякова,https://vk.com/idmkniga,Книга,Москва,"«Издательский Дом Мещерякова» — московское книжное издательство с 19-летней историей.  В 2005 году Вадим Мещеряков взялся за воплощение своей заветной мечты: создание качественных детских книг.   Сегодня Издательский Дом Мещерякова — это семейное издательство, выпускающее книги для детей и взрослых "
362,37698,HIZEL- Сухой  корм для собак супер премиум класс,https://vk.com/hizel_64,Товары для животных,Саратов,"Мы сами являемся собачникам, мы хотим, чтобы собаки жили дольше и всегда были здоровыми!🐕  Здоровье питомца зависит в том числе от корма, поэтому мы создали корм, конкурентный зарубежным топовым фирмам!   Множество различных вкусов, вы можете заказать корм на пробу и посмотреть, как ваш питомец буде"
363,37681,Открывая Удмуртию || Экскурсионный центр,https://vk.com/ot_udm,"Туры, экскурсии",Ижевск,"Экскурсионный центр ""Открывая Удмуртию"" - Ваш надёжный помощник в организации путешествий по Удмуртской Республике 💛  📍Экскурсионное обслуживание туристов по Удмуртии  📍Разработка туристских маршрутов по Удмуртии  📍Предоставление гидов-переводчиков и экскурсоводов  📍Бронирование гостиниц, отелей, ба"
364,37669,Товары из Финляндии,https://vk.com/salegagarina,Детская одежда и обувь,Санкт-Петербург,"КАЧЕСТВЕННАЯ ОДЕЖДА ИЗ ФИНЛЯНДИИ для Вас и ваших детишек.Новая-по супер ценам-посмотрите сами в альбомах..постоянным клиентам скидки Вы  можете посетить нас в Санкт-Петербурге у метро зведная или заказать доставку прямо домой курьером сдеком пэком или Почтой России, если Вы живете в другом регионе."
365,37608,Юлия Гендина. Современное интерьерное вязание,https://vk.com/poufpeople,Творчество,Москва,"Юлия Гендина   Автор книг «300 нескучных узоров», «Самый родной узор», «Нескучный плед. Мозаичное вязание крючком», «Уютная геометрия», «На крючке. Вязаная «живопись» для современного интерьера», «Вязаный дом», «Я ж не только мать», «Самый родной узор». https://eksmo.ru/authors/gendina-yuliya-anatol"
366,37581,ТОПИАРИИ СВОИМИ РУКАМИ,https://vk.com/rukamisvoimi_topiarii,Творчество,Санкт-Петербург,"ТОПИАРИИ своими руками.  ДЕВЧАТА давайте общаться! обсуждать, советоваться, обмениваться опытом. Кто и как делает или мечтает делать топиарии. А так же я хотела бы продолжить и увеличивать нашу группу, теперь мы будем выкладывать фото и обсуждать все изделия созданные своими руками.       !!!!!Девоч"
367,37554,Lana_G.Cemirova.Лана Цемирова.Вязание.МК,https://vk.com/lana.cemirova,Дизайнер,Москва,☀️Возрождаем традиции!  Я Светлана - Мастер по вязанию и созданию самых понятных Мастер-классов.  - Со мной вы свяжете свой первый шедевр. - Научу вязать с нуля и раскрою секреты вязания.   - Провожу Совместники и обучающие Курсы. Все МК тут: https://lana-cemirova.ru/  - Пополняйте вашу копилку поле
368,37534,ВЯЗАНИЕ СПИЦАМИ - подробные МК,https://vk.com/club204601758,Бизнес,Нижневартовск,Мастер классы по вязанию от А до Я
369,37526,ПСИХОЛОГ ВОСПИТАНИЕ ПОДРОСТКИ Таша Валеева,https://vk.com/detikakroditeli,Психолог,Горячий Ключ,"Помогаю решить проблемы с детьми грамотно и элегантно. Чтобы ваше родительство было легче и приятнее, и вы хорошо справлялись с этой ролью!  Что делать, если:  ⛔️ не слушается ⛔️ не учится ⛔️ только сидит в гаджетах  Как договориться? Можно ли требовать и как вести себя в конфликтах? Про здоровую ро"
370,37502,labberry | Цветы и клубника в шоколаде в Самаре,https://vk.com/labberry_smr,Цветы,Самара,"lа́b berry – клубнично-цветочная сеть магазинов с собственным производством в Самаре, Москве и Саратове!   Смотрите каталог подарков: vk.cc/cqzmvW  Получите скидку 500₽ на любой заказ за подписку на телеграм-канал: https://vk.cc/cMlNtI"
371,37492,Мужская одежда|Trend Tropa,https://vk.com/trendtropaofficial,"Одежда, обувь",Москва,"🏛 TREND TROPA | Мужской гардероб из Турции Премиальное качество. Безупречный стиль.  Ваш статус. Мы предлагаем селективный выбор мужской одежды напрямую от ведущих фабрик Турции. Каждая модель проходит двойной контроль качества, чтобы вы получили идеальный продукт. Почему выбирают нас: • Эксклюзивно"
372,37435,ТЭС сеть АЗС,https://vk.com/crimeates,Услуги для автовладельцев,Симферополь,"Официальная группа Торгового дома ""ТЭС""  🏆 Лучшее архитектурно-дизайнерское решение для АЗС 2025* 🏆 Лучшая АЗС новых регионов 2024* 🏆 Бренд АЗС 2023*  ▪️ Качественное топливо  ▪️ ТЭС-маркет с большим выбором товаров ▪️ Кафе быстрого питания Автофуд и ""Шеф-кафе"" ▪️ Мойки ▪️ Шинные центры  ▪️ Выгодная"
373,37379,"Jingle-смартфоны,планшеты,ноутбуки,телевизоры.",https://vk.com/jingle_store,Электроника,Симферополь,"Сеть магазинов электроники #jingle - это сочетание широкого ассортимента продукции, команды внимательного персонала и высококачественного сервиса .  #jingle предоставляет возможность покупки продукции в кредит.  Мы постоянно работаем над приятными бонусными программами, акциями, мероприятиями для на"
374,37377,"Ульяновск- Комиссионный магазин ""КОРОНА""",https://vk.com/korona_ulsk,Электроника,Ульяновск,"Комиссионный магазин «КОРОНА» – это надежный и быстрый способ получить деньги под сдачу на комиссию Вашего имущества или ювелирных украшений.  Комиссионный магазин «КОРОНА» осуществляет следующие виды услуг для населения:  -приём на комиссию драгоценных металлов, изделий из драгоценных металлов (укр"
375,37322,Екатерина Волкова. Схемы. Отшивы. Магазин.,https://vk.com/club66770381,Творчество,Озерск,"Дорогие наши вышивальщицы и не только, а так же их друзья) У нас для вас прекрасная новость!  Мы не стоим на месте и благодаря новой функции в ВК ""магазин"" схемы стало проще приобретать) Так же, кому удобно - можете использовать возможность приобретения схем и через мой сайт http://forstitch.ru/ Так"
376,37306,Омела. Серебряные  украшения (Organic Jewelry),https://vk.com/organicjewelry,Ювелирные изделия,Санкт-Петербург,"Телеграмм https://t.me/organicjewelry  Ювелирные украшения из серебра с чернением и без, с полудрагоценными камнями, и без. Обручальные и помолвочные кольца, повседневные кольца, серьги, кулоны  Делаем любые размеры колец от 14 до 23 (можно и больше)  Собственная мастерская в Санкт-Петербурге  Более"
377,37302,Шеллак Маникюр Косметика Садовод Тц А. 2В-19,https://vk.com/manicurecosmetics,Салон красоты,Москва,Ссылка для оформления заказа  +79999654506 WhatsApp. Через посредника поштучно можно А.2-1-16.
378,37220,"""Ракоедовъ"" - магазин, доставка раков и рыбы.",https://vk.com/raki_perm59,Доставка еды,Пермь,"Розничный магазин , доставка раков , морепродуктов и рыбы в городе Пермь   Режим работы магазина ежедневно с 10:00 до 21:00  Прием заказов на доставку с 10:00 до 20:00  Наш адрес: Екатерининская,120  Телефон для заказа +7 (908) 264-04-51"
379,37220,"Наборы для вышивания  ""Овен""",https://vk.com/oven_vyshivka,Другие товары,Великий Новгород,"РКН № 4976985976  ООО ""Овен""  наборы для вышивания крестом  Доставка по всей России.  Информацию о заказе наборов в регионы России читайте здесь:  http://ooo-oven.ru/delivery-and-order/  Информацию о заказе  наборов в Великом Новгороде читайте здесь: http://vk.com/topic-21168171_32801192"
380,37189,Мастер-классы папье-маше | Xeni Home,https://vk.com/xenihome,Творчество,Пермь,"Меня зовут Ксюша 🫶🏼 мастер папье-маше. Снимаю онлайн мастер-классы. Провожу офлайн ЭКО мастер-классы по папье-маше.  Вдохновляю Вас на творчество, полет фантазии, креатив 💫  Я очень рада всех видеть в моем бумажном мире 🙏🏻🥰  Регистрация в Роскомнадзоре: https://gosuslugi.ru/snet/67e51316ff52bd3e119e"
381,37176,BOOMTS - Мягкие игрушки,https://vk.com/boomts,Игры,Екатеринбург,"Счастье — это игрушки BOOMTS!   Мы — магазин уникальных плюшевых игрушек для людей всех возрастов. Здесь вы найдете:  ✨ Плюшевых друзей — мягких, милых и таких, в которых невозможно не влюбиться!  🚀 Крутые новинки — от забавных лягух до очаровательных паучков.  🎁 Подарки на любой вкус — то, что пора"
382,37127,Птица - магазин православной одежды  40 до 68 р,https://vk.com/pticaline,"Одежда, обувь",,"Самые выгодные предложения: Вконтакте: https://vk.com/app5748831_-131881526?ref=group_menu  Телеграмм : https://t.me/pticaline_pticaline  WhatsApp : https://chat.whatsapp.com/DB6j0SkTNnFFSSTLs5EQYv  Интернет-магазин ""Птицалайн"" – одежда для православных от производителя: скромно, стильно, качественн"
383,37108,AQUAMARINE,https://vk.com/aquamarine.gold,Ювелирные изделия,Красное-на-Волге,"Официальное сообщество ювелирного бренда AQUAMARINE.   Конкурсы и ценные призы, эксклюзивные новинки, которые вы можете приобрести не выходя из группы, свежие новости бренда и только актуальные тенденции ювелирной моды для тех, кто выбирает AQUAMARINE. Присоединяйтесь к нам и проведите время с польз"
384,37081,Nataknitwear|Наталья Курникова|Вязание|МК,https://vk.com/nataknitwea,Творчество,Омск,"Наталья Курникова/вязание спицами/самые понятные мастер-классы🧶  Для покупки мк по вязанию и по всем вопросам просьба писать только в сообщения! Отвечаю я лично, никаких помощников у меня нет❗❗  № 4936508261"
385,37064,LADA SHOP RUSSIA,https://vk.com/ladashoprus,Автотовары,Тольятти,"Добро пожаловать в официальную группу интернет-магазина  LADA SHOP RUSSIA  У нас большой выбор оригинальных и тюнинг запчастей, аксессуары, автосвет, чехлы и многое другое! Низкие цены!  Мы отправляем заказы как почтой, так и транспортными компаниями по всей России, а также в некоторые страны СНГ. О"
386,37064,ЦВЕТЫ ИСКУССТВЕННЫЕ ~~МАТЕРИАЛЫ ДЛЯ РУКОДЕЛИЯ~~,https://vk.com/businka_spb,Товары для творчества,,"Здравствуйте, меня зовут Ирина. Я рада приветствовать Вас в группе, посвящённой творчеству и приглашаю выбрать материалы для Ваших работ! Как сделать заказ: http://vk.cc/5phvLt  Альбомы с материалами:  ✔Цветы искусственные  http://vk.cc/1UFQlP ✔Зелень https://vk.cc/cdjG3N ✔Сизаль, рафия http://vk.cc"
387,37048,ЧЕХЛО МАРКЕТ Абакан,https://vk.com/chehlomarket19,Салоны сотовой связи,Абакан,https://t.me/chehlomarket19 Печать на чехлах к [id44512150|Андрею Король]. пн-вс с 9:00 до 21:30 ЧЕХЛО МАРКЕТ аксессуары к смартфонам!
388,36967,Vikusik_toys_МК. Вязание/Крючком/из Плюшки,https://vk.com/vikusik_toys_mk,Творчество,Саратов,"Меня зовут Вика, я создатель проекта @Vikusik_toys_МК. 🧸 Я влюблена в мир амигуруми и уже несколько лет помогаю другим создавать плюшевое волшебство. Мой путь начался в 2018 году с полного нуля, а сегодня мое сообщество ВКонтакте — это уютный дом для рукодельниц всех возрастов."
389,36948,Рукоделие,https://vk.com/rukodeliedlya,Творчество,Нижний Новгород,Бисероплетение. Модульное оригами. Поделки. Квиллинг. Декор. Канзаши. Рукоделие.
390,36930,Автозвук Шумоизоляция Детейлинг DBShop,https://vk.com/dbshopru,Автотовары,Ижевск,"Самый большой магазин автозвука в Удмуртии и Ижевске!  Самый большой ассортимент акустики и аксессуаров для автозвука в наличии! Мы являемся представителями таких крупных брендов как: Alphard, Pride, Digital Designs, Dynamic State, Edge, Pioneer, Alpine, Ural, Avatar, MOMO, Audio Nova и много других"
391,36893,Patrisa Nail,https://vk.com/patrisa_nail_official,"Парфюмерия, косметика",Москва,"Patrisa Nail - бренд материалов для маникюра, который создает качественные, безопасные и актуальные продукты для любых запросов мастера.  Почему нас выбирают? - стабильное качество и носка без отслоек - собственное производство в России - безопасные материалы - актуальные оттенки и трендовые коллекц"
392,36891,МОДНЫЕ СУМКИ КОШЕЛЁК ПРАЗДНИЧНЫЙ ТОВАР САДАВОД,https://vk.com/tk.sadavod,Бизнес,,УСЛОВИЯ РАБОТЫ И ЧАСТЫЕ ВОПРОСЫ:   1. Где вы находитесь  Мы находимся на торговом центре садовод корпус А 2-2-21  ТК САДОВОД 2. Как оформить заказ  Отправьте в личные сообщения фото  Мы уточняем по наличию и считаем сумму заказа Вы оплачиваете Мы отправляем  Так же заказ можно отправить на ватсап.  
393,36889,Moskit Group | Тактическое снаряжение,https://vk.com/moskit.group,Другие товары,Ставрополь,"Компания ""Moskit group"" - занимаемся производством сертифицированных баллистических изделий. Продаем изделия в розницу и оптом.  Доставка на территории России до 10 дней!  Все изделия изготавливаются из высокопрочных и качественных материалов, таких как: кевлар (арамид) и СВМПЭ. Материалы имеют высо"
394,36873,Спортивный туризм и не только,https://vk.com/guru_st,Экстремальный спорт,Москва,"Номер заявления в РКН - 6852977029  ➡️ Качественное и доступное снаряжение для спортивного туризма, альпинизма, скалолазания и высотных работ ➡️ Доставляем снаряжение в любую точку России ➡️ Офлайн магазин в Москве с огромным выбором снаряжения в наличии  ✔️ Широкий ассортимент ✔️ Проверенные постав"
395,36873,ROLL.RU | Ресторан доставки еды в городе Луганск,https://vk.com/roll_ru,Доставка еды,Луганск,"ROLL.RU - это ресторан доставки японской, тайской и итальянской кухни, а так же продуктов для приготовления.  Вы всегда можете заказать у нас вкусные суши, роллы, пиццу, лапшу, горячие закуски, салаты, десерты, напитки собственного приготовления.  Мы всегда используем только самые свежие продукты. З"
396,36870,вязаные сумки • ВАЛЕНТИНА ЛЫКИНА,https://vk.com/handmade__valentinka,Творчество,Бердск,"Приветствую , с вами [id214114023|Валентина Лыкина]  , я более 25 лет раскрываю тайны вязания! С 2018г. разрабатываю сумки и корзины разной сложности с 0.  Вязание - особая часть моей жизни и бесконечный творческий полёт фантазии, я обожаю конструировать изделия, сумки, корзины, декор, придумывать н"
397,36869,Уютная мебель,https://vk.com/mebelia18,Дизайн интерьера,Ижевск,"В нашей компании Вы найдете всё для дома. Детская комната, в которой будет уютно вашим детям, кухни удобные для любой хозяйки, шкафы-купе вмещающие весь гардероб семьи и даже двери, которые станут защитой Вашего семейного очага и бытовую технику.  В обширном количестве предоставленной продукции мы в"
398,36868,Мебель в Луганске(ЛНР),https://vk.com/mebellnr,Мебель,Луганск,"Мы предлагаем вам широкий выбор мебели! Мягкая и корпусная мебель, кухни, шкафы купе, диваны, прихожие, столы, комоды, кухонные уголки и многое другое!  ДОСТАВКА ПРОИЗВОДИТСЯ: По Луганску, а так же по Луганской области(ЛНР).  Наш адрес: г. Луганск ул. Советская 249.  +7959 192 94 78, +7959 128 81 03"
399,36862,"""Россия - Моя история"" Санкт-Петербург",https://vk.com/myhistorypark_spb,"Музей, галерея, выставка",Санкт-Петербург,"Официальное сообщество СПб ГБУК ""Музейно-выставочный центр""  Исторический парк «Россия – Моя история» – ""живой учебник"" по истории России и Санкт-Петербурга.   Уникальный мультимедийный комплекс представляет  всю историю страны с древнейших времен до наших дней при помощи более 900 единиц мультимеди"
400,36856,Бижутерия | Садовод Б-2-В-89,https://vk.com/kosmetica777,"Парфюмерия, косметика",Москва,"Для посредников и интернет магазинов -   поштучно . Отправляем во все регионы  РФ через ТК ,  Почта России  и автобусы..  WhatsApp: wa.me/+79037399563 wa.me/+79262389931 Instagram: https://www.instagram.com/ellf.kors Подписывайтесь на нашу группу  https://vk.com/kosmetica777 _ https://vk.com/ellf1 h"
401,36827,Royal Flowers | Цветы с доставкой | Мурманск,https://vk.com/royalflowers51,Цветы,Мурманск,Самая крупная цветочная сеть за полярным кругом!  ПОЛУЧАЙТЕ БОНУСЫ ЗА ПОКУПКИ Зарегистрироваться в программе лояльности⤵️ https://royalflowersmurmansk.posiflora.com/wallet-app/66c975b0-1764-4362-af34-1e4ae09981c3  • Нам доверяют с 2016 года. • Принимаем заказы круглосуточно. • Бесплатная доставка от
402,36757,Drakosha.shop,https://vk.com/drakoshaoptom,Закрытое сообщество,,"Условия работы :   Минимальная сумма заказа от 5000 руб.   Товар отпускается без привязки к размерному ряду.  Наличие товара и оптовые цены смотрите на нашем сайте, в разделе «я-оптовик»  www.drakosha.shop    Оплата:  Банковский перевод.(На карту или на расчетный счет)  Наличный расчет. (В момент за"
403,36729,Ариант,https://vk.com/afariant,"Продукты питания, напитки",Челябинск,"Агрофирма «Ариант» — лидер по изготовлению мясной продукции на Урале.  Наша сила в том, что мы контролируем каждый этап производственного цикла: от поля до прилавка. Сами выращиваем корма, растим животных на фермах, перерабатываем мясо и ручаемся за каждый продукт в нашей сети фирменных магазинов.  "
404,36726,"IDIOTSTILE | иллюстрации, книги и комиксы",https://vk.com/idiotstileart,Художник или художница,Санкт-Петербург,"Всем привет и добро пожаловать в мой маленький мир адской милоты! Меня зовут Аня и я иллюстратор из Санкт-Петербурга. Большинство людей знает меня под именем Idiotstile. Выпускаю и создаю свои собственные проекты, комиксы и книги.  А ещё у меня есть артканальчик, где я так же делюсь различными работ"
405,36672,Кухни шкафы купе | Янис Мебель | Самара,https://vk.com/yanismebel,Мебель,Самара,"Компания ""Янис Мебель"" осуществляет производство, доставку и монтаж корпусной мебели на заказ в Самаре. С нами удобно и просто! Мы выслушаем Вас и предоставим именно ту конфигурацию, которая будет соответствовать Вашим пожеланиям и современным тенденциям в производстве мебели.  - САМАЯ ВЫГОДНАЯ ЦЕНА"
406,36638,Женская одежда AMIRA,https://vk.com/amirakazan,"Одежда, обувь",Казань,"Наша компания работает с 2013 года. Мы производим женскую одежду марки АМИРА. Находимся в Казани, и каждый день осуществляем отправки почтой, курьерскими и транспортными компаниями. Довольство клиента  качеством тканей и пошива, обслуживанием и отправками в срок - приоритетные задачи в нашей работе."
407,36621,Японские снасти | Jpsnasti,https://vk.com/jpsnasti,Рыбалка,Москва,Официальная страница компании «Японские снасти» и интернет-магазина JPSNASTI.RU  Только лучшие рыболовные товары из Японии!  Наш сайт - https://www.jpsnasti.ru Сообщество ВК - https://vk.com/jpsnasti Канал в MAX - https://clck.ru/3SatLb Всё о турнирах по ловле форели - https://t.me/jpsnasti_tourname
408,36557,ОПТимист | Канцтовары,https://vk.com/optimist.kompaniya,Товары для офиса,Курск,"«ОПТимист» – ваш надёжный книжно-канцелярский партнёр в Черноземье!   Приветствуем вас в сообществе «ОПТимист» – крупнейшей сети магазинов книг, канцтоваров и товаров для творчества в Черноземье!   80 000+ наименований в ассортименте  Лидеры рынка по качеству и доступным ценам  Широкий выбор для шко"
409,36554,Ольга Кондратьева. Вяжем с Wickedlynx,https://vk.com/wickedlynx_knitting,Другие хобби,Москва,Про вязание. Логически обоснованное и интуитивно понятное.  Дзен:  https://zen.yandex.ru/wickedlynx  RUTUBE: https://rutube.ru/u/wickedlynx/ Телеграмм:  https://t.me/ok_wickedlynx YOUTUBE: https://www.youtube.com/c/OlgaKondratyeva  № 4776887648
410,36543,Современная ватная игрушка,https://vk.com/club196749301,Творчество,Москва,"№ 4993768530  В нашей творческой группе Вы найдете:  Мастер-классы по изготовление ватной игрушки, вдохновляющие иллюстраций, открытки.  Ярмарки! Выставки! Конкурсы!   Любой мастер может предложить пост со своими ватными работами. Разрешается два поста в день от одного мастера. Показываем новые рабо"
411,36537,Бекхо групп 13 Линия 98 Место TV SHOP,https://vk.com/postavshik_13_98,Бытовая техника,Москва,"Поставщик рынок Садовод  1000 МЕЛОЧЕЙ,НОВОГОДНИЙ ТОВАР, КАНЦТОВАРЫ, ХОЗТОВАРЫ, ИГРУШКИ САДОВОД 13-98 Важно 👇👇  проблему которые возниукл...Бекхо групп 13линия 98места ТV shop"
412,36439,Worldcar.ru - Продажа автомобилей,https://vk.com/worldcar_ru,Автосалон,Владивосток,"WorldCar.ru - Автомобили с аукционов Японии, Кореи, Китая, США и ОАЭ  в любой регион РФ - БЕЗ ПОСРЕДНИКОВ 🤘 📌 Прямые торги с офиса во Владивостоке Купим для вас: 🚘 ЛЮБОЙ АВТОМОБИЛЬ! 🚘 📞 8-800-333-62-32 (звонки по РФ бесплатно) ✏️ Мессенджеры +79510008020  ✏️ Telegram https://t.me/worldcar_ru  Мульти"
413,36417,Садовод 9-21 Посуда на Каждый День,https://vk.com/club176622288,Товары для праздников,,Если вам нужен надёжный ПОСРЕДНИК обращаете 👇 https://vk.com/id241040471
414,36391,Фермерские продукты с доставкой на дом,https://vk.com/lavkamp,Доставка еды,,Сообщество зарегистрировано Роскомнадзором во ФГИС  «Единый портал государственных и муниципальных услуг (функций)»: https://gosuslugi.ru/snet/67b2b7fe747447211b602c02  📦 Куда доставляем можно посмотреть здесь: https://yandex.ru/maps/?um=constructor%3Afc8386a2c50e34ac50316df5159929f5513b2dec7be83de8
415,36388,"Клуб путешествий ""Активный отдых""",https://vk.com/clubao,"Туризм, путешествия",,"Я - Дмитрий Заманов, 12 лет организую активные туры по России и руковожу Клубом путешествий ""Активный отдых""  Основная особенность моих путешествий - активные туры дальние регионы или места, где еще нет массового туризма, но при этом сюда хотят все. А еще я не вожу большие группы, а создаю туры, в к"
416,36367,СВАДЕБНЫЙ БУКЕТ НЕВЕСТЫ. ДЕКОР,https://vk.com/club86,Подготовка к свадьбе,Санкт-Петербург,"МЫ ГАРАНТИРУЕМ СВЕЖЕСТЬ, КАЧЕСТВО и ОТЛИЧНУЮ ЦЕНУ НАШИХ БУКЕТОВ! Почему?  1. Мы являемся дочерней структурой крупной компании, занимающейся доставкой цветов напрямую с плантаций. Это обеспечивает нам низкую себестоимость цветов, из которых изготавливаются букеты.  2. Объем изготавливаемых нами ежедн"
417,36355,Женская одежда Velvet Season,https://vk.com/velvetseason,"Одежда, обувь",Санкт-Петербург,✨ Эксклюзивные товары любимого бренда VELVET SEASON  5 ПРИЧИН ЧТОБЫ ВЫБРАТЬ VELVET SEASON:     • 1+1=3 третья вещь всегда в подарок     • до -50% участникам закрытого клуба     • 42-68 широкий модельный и размерный ряд      • 2 года гарантия на верхнюю одежду     • рассрочки Сбер и Халва  История бр
418,36283,"Куклы, ватные игрушки, процессы",https://vk.com/deli_craft,Творчество,,"Дорогие друзья!  В этой группе вы увидите:  💫 Полезные материалы и авторские мастер-классы — только для вас я делюсь своими секретами мастерства. 💫 Пошаговые инструкции — каждый шаг объяснен подробно, чтобы вы могли легко повторить и создать свои шедевры. 💫 Поддержка и вдохновение — в сообществе вы "
419,36273,Макраме|мастер-классы и идеи|мастерская креатива,https://vk.com/mak_rame,Творчество,Нижний Новгород,Все мастер-классы собраны из интернета!  Приятного времяпрепровождения!
420,36269,EVENING,https://vk.com/evening.store,"Одежда, обувь",Санкт-Петербург,"Магазины женской одежды EVENING расположены в Москве и Санкт-Петербурге. Санкт-Петербург • ул. Восстания, 25 • ул. Мира, 9  Москва  • ул. Садовая-Триумфальная,  4/10  • ул. Тверская, 12 ⚡️Доставка с примеркой по всей России без предоплаты ⚡️"
421,36263,Константин Андропов - Клуб Рыбаков,https://vk.com/spinnest,Охота и рыбалка,,"№ 5256875132 Семейный канал о рыбалке и не только, с юмором, приключениями и позитивом :)"
422,36246,Лидер Парфюм,https://vk.com/manhquyen2018,"Парфюмерия, косметика",Москва,"УСЛОВИЯ РАБОТЫ И ЧАСТЫЕ ВОПРОСЫ:    Уважаемые клиенты! Прежде чем задавать вопросы в личных сообщениях, мы очень просим прочитать данный пост. Это сэкономит ваше и наше время‼️  1. Где вы находитесь  Мы находимся на рынке ""Садовод"", линия 7 контейнер 70-72  2. Как оформить заказ  Отправьте в личные "
423,36241,Бубль-Гум,https://vk.com/boobl_goom_shop,"Игры, игрушки",,Официальная группа сети магазинов детских товаров «Бубль-Гум»
424,36206,ULA |  Детские спортивные комплексы,https://vk.com/ula_71,Спортивные товары,Тула,"""ULA"" - детские спортивные комплексы для дома и дачи, шведские стенки, турники, маты гимнастические в наличии. (4872) 33-83-34"
425,36183,Вязаные игрушки | МК | Схемы,https://vk.com/mk_igrushka,Творчество,Москва,"В этой группе вы можете приобрести авторские мастер-классы по вязанию игрушек крючком. А так же найдёте много бесплатных схем.   Платно вы можете опубликовать: Свои платные МК, изделия или мероприятия по вязанию игрушек и на другие рукодельные темы: - 150 руб. обычный пост/репост - 200 руб. обычный "
426,36182,Производство подарков и сувениров. МОЛН,https://vk.com/moln_shop,"Производство, промышленность",Евпатория,
427,36172,"1000 мелочей, Tv-товары",https://vk.com/club163984774,Мобильные технологии,,"💎 УСЛОВИЯ СОТРУДНИЧЕСТВА 💎  🎀Мы находимся: ТК ""Садовод"",  линия 9, контейнер -30  ✅Самовывоз от 1 шт.  ✅Отправка - минимальная сумма 3000 руб.              ❤️ОФОРМЛЕНИЕ ЗАКАЗА❤️ 🔸В сообщения на страницу: https://vk.com/norov95  ✔️ заказ принимаем в виде программы посредников ✔ заказ принимаем в виде"
428,36171,Ёбидоёби — доставка суши и роллов |  Иркутск,https://vk.com/sushi_rolli_irkutsk,Доставка еды,Иркутск,"Номер заявления №5352001536  Собственно говоря, а почему бы и нет? :)  Выбирая название для службы доставки, мы постарались выделиться и запомниться Вам раз и навсегда. Иначе говоря – запасть в душу ещё до того, как наши вкуснейшие суши и роллы попадут в ваш желудок.  Это был долгий путь: сотни испи"
429,36161,Кучугуры/Азовское море. Жилье посуточно.,https://vk.com/club72597145,"Туры, экскурсии",,"КУЧУГУРЫ, АЗОВСКОЕ МОРЕ  Жилье возле парка  «Емеля».  (15 мин. от ст. Голубицкая, 30 мин. от Черного моря).   ✅санузел, кондиционер. ✅общая кухня с бытовой техникой и посудой ✅парковка  ✅https://vk.com/skazka_kuchugury  Я Ирина😉💐и я знаю все об отдыхе в Кучугурах ✅(WhatsApp, Viber) круглосуточно😊928"
430,36142,Коссе Виктория HandMade - Скульптор миниатюры,https://vk.com/kosse_handmade,Художница,Москва,"Здравствуйте, меня зовут Виктория и я - скульптор миниатюры. Все драконы, рептилии и их друзья слеплены и расписаны мной.  Надеюсь, Вы будете счастливы иметь одного из милашек у себя; они подарят Вам тепло и уют Будьте внимательны, у меня нет помощников и менеджеров, не переводите оплату без проверк"
431,36120,TopDance - всё лучшее для танцев,https://vk.com/topdance_shop,Спортивная одежда и обувь,Санкт-Петербург,"Добро пожаловать в официальное сообщество интернет-магазина Topdance-shop.ru!  Бесплатная доставка! Бесплатная примерка! Бесплатный возврат! - по всей России!  Жителей Санкт-Петербурга и гостей города ждем в нашем магазине -шоуруме  пн-пт с 12.00 до 20.00, сб-вс с 12.00 до 19.00 по адресу:  Санкт-Пе"
432,36077,Обувь штучно Садавод 27-90,https://vk.com/club203101120,Бизнес,Москва,"27-лини 90-контейнер Уважаемые клиенты💗 Прежде чем задавать вопросы в личных сообщениях, мы очень просим прочитать данный пост. Это сэкономит ваше и наше время‼  УСЛОВИЯ РАБОТЫ И ЧАСТЫЕ ВОПРОСЫ:  1. Где вы находитесь❓❓❓ Мы находимся на рынке ""Садовод"", открытый торговый комплекс, 27-линия 90 контейн"
433,36020,Магазин автозвука УралАвтоСаунд,https://vk.com/uralautosound,Автотовары,Челябинск,"№ 5162662233  Делаем этот мир громче и безопаснее! Автозвук, Шумоизоляция, доработка штатных систем, изготовление подиумов, дверных карт, стоек, Стэлс короба, дверные карты и  многое другое 😎  У нас вы можете проконсультировать, приобрести и установить автозвук и сигнализации на авто  Розничный мага"
434,36014,"Обезьянки, мармозетки, игрунки, тамарины приматы",https://vk.com/mimi.monkeys,Домашние и дикие животные,Москва,🐵 Разведение и продажа обезьянок. ✏ Рекомендации по уходу и содержанию. 💰 Поможем купить или продать обезьянку. 🏠 Изготовление террариумов.
435,35967,ТЕХНОРЕССОР Магазин Тюнинга,https://vk.com/clubtechnoressor,Автомобили,Москва,"Компания «Техно Рессор» является российским производителем автомобильных запчастей для отечественных и зарубежных марок авто. Качество нашей продукции подтверждено сертификатами соответствия Органа по сертификации автомобильных изделий ""НАМИ - ФОНД"".  В производстве мы используем только современное "
436,35943,Учительская мастерская Людмилы Крыловой,https://vk.com/teach_workshop,Образование,Медынь,"Присоединяйтесь к группе учителей-словесников!  Хотите тратить на подготовку к урокам русского языка считаные минуты? Хотите получать профессиональные методические советы и обзоры педагогических инструментов? Хотите обогащаться новыми идеями для своих уроков, использовать готовые разработки, материа"
437,35940,• Украшения | Daria Filippova •,https://vk.com/handwork_uu,"Украшения, бижутерия ",Улан-Удэ,"Авторские украшения  ручной работы из полимерной глины. Творю с душою и любовью ♥  НАЛИЧИЕ  в разделе ➳ [https://vk.com/market-126908467?screen=group|Товары] ПОВТОР под заказ, если его нет в наличии ➳ [https://vk.com/albums-126908467|Каталоге работ]   ✈️ Доставка по России Почтой/Сдэк.  Украшения ру"
438,35930,РЫБАЦКИЙ СЕВЕР СПб и ЛО официальная группа,https://vk.com/spb_north_fish,Рыбалка,Санкт-Петербург,"Приветствуем Вас в самом ""Северном"" рыболовном сообществе Санкт-Петербурга и Ленинградской области!   Стена группы открытая! Приветствуются ваши свежие отчеты с рыбалок, вопросы-ответы, актуальная и полезная информация связанная с рыбалкой, адекватный рыбацкий юмор!  Цель : Общение по-соседски, совм"
439,35920,МЕГА-КЕРАТИН,https://vk.com/megakeratin,"Парфюмерия, косметика",Москва,"💎 MEGA-KERATIN — 14 лет с вами!  Профессиональная косметика для волос, оборудование и обучение для мастеров 🔥  Здесь вы найдете информацию про: ✨ Составы от брендов MAXWELL, ZOOM, NATUREZA, HAVEN, LOVE POTION, L'AMARI, GLOBBER, VOGUE  ✨ Обучение онлайн и офлайн  ✨ Секреты идеальной реконструкции ✨ Х"
440,35892,Мужские Одежды оптом и в розницу 22-118-120,https://vk.com/odegda.sadovod,"Одежда, обувь",Москва,"Поставщик Мужские одежды, оптом и в розницу…      Прочтите важно… Отправка от одного штука (если опт то от одну пачку) по все регион России Бронь по 100% перед-оплате…     Остерегайтесь мошенников, заказ принимаем только в личку, в комментариях не заказать…"
441,35875,Вязание Олеси Данилюк,https://vk.com/olesya_danilyuk_knitting,Творчество,Москва,"Регистрация в перечне РКН https://gosuslugi.ru/snet/679ca6270b38b06c42b8cd3f «Существует стереотип, что связанное вручную – это дешево, непрофессионально, примитивно...» Я абсолютно не согласна с подобной точкой зрения! Создавая свои трикотажные изделия, я пытаюсь развеять стереотипы о ручном вязани"
442,35850,CleanStep,https://vk.com/cleanstepru,Ремонтная мастерская,Санкт-Петербург,"№ 4913453819  Clean Step — это идеальное место для восстановления вашей обуви. Мы занимаемся профессиональной химчисткой, реставрацией и ремонтом.   Наша мастерская обеспечивает качественное обслуживание и предоставляет широкий и в тоже время уникальный список услуг – например, замену задников любой"
443,35799,Сеть магазинов секонд-хенд 1000 Брендов,https://vk.com/second1000brendov,"Одежда, обувь",Санкт-Петербург,"Сеть магазинов секонд-хенд ""1000 Брендов"" радует покупателей уже 10 лет ✨  Почему выбирают нас? — Приветливые продавцы, которые всегда готовы помочь. — Огромный выбор одежды. — Бренды, которые сейчас сложно найти Gap, Tommy Hilfiger, Aeropostale, Timberland, Levi's, Lee, Abercrombie, Banana Republic"
444,35798,Ювелирная бижутерия под золото.,https://vk.com/jewellerymirel,"Украшения, бижутерия ",,"Интернет-магазин ювелирной бижутерии под золото.  ИНН 022900993453 ОГРНИП 320028000086191 ______________________________________ В нашем магазине можно купить: серьги, кольца, цепи, браслеты, кулоны, подвески, броши, часы, комплекты, наборы, колье.  Доставим красоту в любой город России! - Более 100"
445,35792,Академия Витапластики,https://vk.com/vitaplastica.academy,Уход за собой,Королёв,Мы — Академия Витапластики и оздоровительных техник  Витапластика — уникальный запатентованный метод.  Его разработка заняла не один год. Но теперь вы можете изучить Витапластику и сделать её своей помощницей:  • Реализовать потребность помогать людям • Замедлить свои возрастные изменения • Омолажив
446,35773,Авто Разборка Киров. Запчасти для Иномарок и ВАЗ,https://vk.com/razborka43_ru,Автотовары,Киров,"Запчасти в цвет иномарки и ВАЗ (8332)77-18-17. Группа Авторазборка Киров создана для владельцев автомобилей марок ВАЗ, ГАЗ, УАЗ и иномарок. Здесь вы можете купить недорогие б/у запчасти от частных продавцов и с авторазборок Кирова."
447,35762,«Карелия Медвежка»,https://vk.com/karelia_medvezhka,Активный отдых,Медвежьегорск,"Аренда коттеджей и комнат  👉🏻https://karelia-medvezhka.ru  🏡 Уютные коттеджи и комнаты «Карелия.Медвежка» в сосновом бору у Онежского озера.  🌿 Бани, беседки и мангалы, квадроциклы, лодки, велосипеды, снегоходы, лыжи, каток  АДРЕС:  Республика Карелия г. Межвежьегорск ул. Чкалова, 30  КАК ДОБРАТЬСЯ:"
448,35734,РУССКАЯ ОДЕЖДА ГАРДАРИКА,https://vk.com/gardarika,"Одежда, обувь",Санкт-Петербург,"➡ ПРИОБРЕСТИ:https://www.GARDARIKA.ru https://www.wildberries.ru/brands/312145146-odezhda-gardarika ""ГАРДАРИКА"" - Бренд одежды свободных сильных и творческих людей, основана в 2012г. 🔆 «Гардарика» - выпускает ограниченными партиями современную стильную мужскую и женскую одежду. В качестве основного "
449,35710,Вязание Озимок Ангелина,https://vk.com/club125288165,Другие хобби,Екатеринбург,"Если вы любите вязать, учиться,делиться..то вам сюда.."
450,35707,Автомобили под заказ - ТОКИТО,https://vk.com/tokito_auto,Автосалон,Владивосток,"Сервис по заказу автомобилей из Японии, Кореи, Китая и ОАЭ  Организуем покупку нового или б/у автомобиля с доставкой в ваш город.  Узнать условия, получить консультацию, запросить цену или просто задать вопрос можно по контактам ниже:  📞 Позвонить: +7 (953) 215-45-51 📨 Email: Manager@tokito.info  🚙 "
451,35698,ЭКО-Усадьба Белово|СПб|Ферма|Аренда домиков,https://vk.com/fermabelovo,"Туризм, путешествия",Санкт-Петербург,"ecobelovo.ru   Добро пожаловать в  КФХ ""Эко -Усадьба Белово""!   Вырваться из городской суеты и окунуться в мир тепла и уюта, красоты и гармонии с природой! Всего в 60км на юг от Санкт-Петербурга.  Вас встретят очарованием и заботой приятные  мелочи в домиках, окружат своим вниманием наши животные - "
452,35661,"Умные книги по каббале, магии, эзотерике",https://vk.com/knigi_tota,"Печать, полиграфия",Москва,"Творческая группа ТЕЛЕМА рада приветствовать всех, кто по-прежнему предпочитает читать книги в их изначальном, бумажном формате!   Здесь вы найдете действительно умные книги по магии, каббале, Таро, демонологии и другим эзотерическим направлениям. Присоединяйтесь и заказывайте!  Самовывоз по договор"
453,35589,"Торговый дом ""Тоншаловский""",https://vk.com/tonshalovskiy,"Товары для дачи, огорода",Тоншалово,"Добро пожаловать в сообщество ТД ""Тоншаловский""  Мы занимаемся выращиванием и реализацией цветочной и овощной рассады🌱 и продажей саженцев   Единственное предприятие в городе🌟 где вы купите отличную: 🌿Овощная рассаду; 🌳Саженцы плодовых деревьев 🌲Саженцы декоративных деревьев 🪴Саженцы кустарников 🌿Цв"
454,35574,Rostov Sport Wear,https://vk.com/rostov_sport_wear,Блогер,Ростов-на-Дону,"Спортивная одежда мировых брендов  ✅ Только оригиналы | 💸 Выгодные цены 📦 Доставка по всей России  📍 Адреса магазинов: Ростов-на-Дону — ул. Доватора, 158А Москва — Сокольническая площадь, 9А  💬 Напиши — подберём то, что тебе подойдёт идеально!  Посмотреть товары - https://vk.cc/8mcPqx"
455,35573,Обувь  ОПТ  ДРОПШИППИНГ РОЗНИЦА,https://vk.com/naplatformecom,"Стиль, одежда, обувь",,"Обувь из Польши, обувь с Одессы, кожаная обувь украинских производителей по самым низким ценам! Предоставляем Вам возможность приобретать обувь в розницу, мелким оптом и оптом ящиками. Большой ассортимент в наличии на складе в Украине! Хорошее качество, яркие и современные модели."
456,35551,A N I S  ЖЕНСКАЯ ОДЕЖДА КОРПУС А-2А-11,https://vk.com/moscowlookru,"Одежда, обувь",Москва,"👑ДОБРО ПОЖАЛОВАТЬ В НАШУ ГРУППУ👑 📢Представляем вам, большой выбор модной женской одежды👗  📌Наши условия:  ✅ ЗАКАЗЫ АЛЬБОМАМИ СОБИРАЮТСЯ БЕЗ ОЧЕРЕДИ 🔹 Минимальная сумма брон от 1 штук и отправки от 3000 рублей 🔹 Отправляем: Все ТК и Автобусы каждый день ( вы должны дать данные автобуса ) 🚛📦 и Почтой "
457,35550,Сундук кожевника | Кожа | Инструмент | Фурнитура,https://vk.com/kozhcraft,Творчество,,"Группа ""Сундук Кожевника"" предлагает сотрудничество продавцам товаров и услуг для кожевников, пишите в лс - https://vk.com/id413006429  Группа для начинающих и не только кожевенных дел мастеров.  В группе вы найдете ссылки на инструменты для работы с кожей, фурнитуру, продавцов кожи, упаковки, клише"
458,35519,Оборудование для автосервиса и шиномонтажа СТО,https://vk.com/imperiyaavto43,Автовладельцы,Киров,"👑 «ИмперияАвто» занимается продажей оборудования для автосервиса и шиномонтажа. Профессиональный автоинструмент.  ‼️ в наличии и под заказ.  🤵 Официальный дилер многих известных производителей автосервисного оборудования.   🛠 Предлагаем огромный перечень продукции: подъемники для автосервиса, маслос"
459,35489,Red Bear | Мужская одежда,https://vk.com/redbearclub,"Одежда, обувь",Иркутск,"Мы магазин спортивной мужской одежды и обуви Red Bear. Самые популярные кроссовки, модели одежды лучшего качества и по низкой цене только у нас🔥  Наш магазин заботится о своих клиентах и готов предоставить вам безупречный сервис и выгодные предложения💯  Наши адреса:  - г. Иркутск, ул. Литвинова, 17,"
460,35488,BATI - бренд женской обуви,https://vk.com/bati.shoes,"Одежда, обувь",Красноярск,"Стильная женская обувь 🤍 LAMODA: https://www.lamoda.ru/b/36256/brand-bati WILDBERRIES: https://www.wildberries.ru/brands/bati  ОФЛАЙН МАГАЗИН: Красноярск, Молокова, 17.  10:00-20:00  Подписывайтесь на нас в других социальных сетях: Instagram: https://www.instagram.com/bati.shoes/ Telegram: https://t"
461,35456,Контрактные запчасти и авто из Японии,https://vk.com/right.rudder,Автотовары,Владивосток,"Контрактные автозапчасти из Японии в наличии и на заказ (доставка 3-14 дней): двигатели; трансмиссия; ходовая часть; детали кузова; оптика.   Автомобили и спецтехника: полная пошлина, конструктора, распил (доставка 30 дней).  ОТПРАВКА В РЕГИОНЫ РФ.  № 4984629498"
462,35427,Магазин женской одежды LANTANAroom,https://vk.com/lantanaroom,"Одежда, обувь",Архангельск,"Мы две сестры-близняшки Юля и Оксана. Рады приветствовать вас в нашем магазине «Lantanaroom».  У нас вы найдёте качественные базовые вещи, которые никогда не выйдут из моды.  Большой ассортимент, поступления каждую неделю.  Будем рады помочь с выбором моделей, подбором образов на каждый день и не то"
463,35404,Сити Мебель Казань Онлайн магазин,https://vk.com/mebel_kzn_bts,Мебель,Казань,"МЕБЕЛЬ ДЛЯ ДОМА БЕЗ ПРЕДОПЛАТЫ -САМЫЕ НИЗКИЕ ЦЕНЫ -МНОГО ТОВАРОВ В НАЛИЧИИ ОСТЕРЕГАЙТЕСЬ МОШЕННИКОВ, ЗАКАЗЫ ПРИНИМАЮТСЯ ТОЛЬКО АДМИНИСТРАТОРОМ ГРУППЫ!  Для заказа можете написать нам в лс или по номеру 89673681164 звонки, смс, whats app .   Полный ассортимент тут <a href=""https://vk.com/albums-63843"
464,35374,"Paomma - беременность, материнство, дети",https://vk.com/paomma,Товары для детей,Москва,"Paomma это бесконечная любовь к эстетике и простым формам. Вся наша продукция выдержана в спокойных тонах и не перегружена лишними деталями. Цвета подобраны по современным палитрам в пастельных тонах.   Но в первую очередь,  для нас важно здоровье деток, поэтому продукция выполнены из безопасных мат"
465,35325,"Игрушки ручной работы ""Живой взгляд""",https://vk.com/club177396286,Творчество,Канск,"В группе вы сможете приобрести мастер классы по моим игрушкам и связать их самостоятельно. На все вопросы обязательно отвечу.  Мк оплачиваются  ~ на карту сбербанка России , ~ https://boosty.to/kuzlena3  и высылаются либо на эл.почту, либо в сообщении.  https://knd.gov.ru/license?id=673d65806afad416"
466,35262,Обои для смартфонов,https://vk.com/club178726475,Мобильные технологии,Москва,"В этой группе вы найдете массу чудесных изображений, фотографий и картинок для установки на ваши гаджеты в качестве обоев. Обои для смартфонов с разрешением 3200x1440 или соотношением сторон 20:9, в хорошем качестве.  По вопросам рекламы писать в сообщения группы или одному из админов/редакторов  № "
467,35220,Сибирские кедры | Официальная страница,https://vk.com/sibkedry,Здоровый образ жизни,Екатеринбург,"🌲 Производство ""Сибирские кедры""🌲  👋 Добро пожаловать в ""Сибирские кедры"" – ваш проводник в мир исцеления и защиты здоровья! ✅ Продукция доступна для заказа на маркетплейсах Wildberries и Ozon.  🛍️ Мы на Wildberries: https://vk.cc/cC7cB9 🛍️ Мы на Оzon: https://vk.cc/cC7cMr  🍃 Вся продукция воссоздан"
468,35209,США Европа сервис закупки Купи_с_Кри,https://vk.com/kupi_s_kri,"Стиль, одежда, обувь",Москва,"Привет! Я знаю как одеваться в брендовую одежду из США/Европы в 2-3 раза дешевле, чем в ближайшем ТЦ или даже в самих молах за границей.  ❗️Наши акции актуальны только 24 часа! Вы можете увидеть их каждый день на стене сообщества! Торопитесь! Доставка от 3 недель (Европа) и от 6 недель (США)🙌У нас П"
469,35188,Лоскутное шитье для тепла и уюта,https://vk.com/club175235300,Другие хобби,Санкт-Петербург,"Добро пожаловать в мою группу!  Предлагаю декорировать интерьер изделиями в технике лоскутного шитья - покрывала, панно, стеганые салфетки, подушки-игрушки, коврики.  Лоскутные изделия отличный подарок на любой случай и для любого интерьера! Cоздают неповторимую атмосферу тепла и уюта в Вашем доме, "
470,35181,Реквизит и костюмы для АНИМАТОРОВ | NOVA SHOW,https://vk.com/nova_show,Товары для праздников,Краснодар,Производим реквизит и костюмы для аниматоров с 2011 года. 10 000+ клиентов. Доставка по всей России. ↓ Каталог с наличием и ценами: nova-show.ru Что найдёте в нашем магазине: 🎭 Костюмы любых персонажей — собственный пошив 🎈 Пенные пушки Nova Foam — 18 моделей nova-foam.ru ⚡ Оборудование для Тесла-шо
471,35173,Поставщик VIP SHOP 27-71,https://vk.com/vipwomanmalish,"Стиль, мода",,"Приглашаем к сотрудничеству интернет-магазины, организаторов совместных покупок, оптовиков и посредников! ✅ ТК  Садовод  ЛИНИЯ 27 ПАВИЛЬОН 71 ✅  🔹Женская одежда оптом и в розницу от 1 единицы товара  🔹 Ежедневно с 6.00 до 18.00 по московскому времени  🔹Самовывоз или через Посредника - от 1 единицы т"
472,35167,ATLANT,https://vk.com/atlantbt,Бытовая техника,Минск,"Добро пожаловать в официальное сообщество.  ATLANT - крупный производитель бытовой техники: холодильников, морозильников, стиральных машин, торгового холодильного оборудования.    Мы умело соединяем последние мировые технические достижения и дизайнерские решения, чтобы Вы могли с удобством пользоват"
473,35165,"Экипировочный центр ""Технотон-Спорт""",https://vk.com/tehnotonsport,Спортивная одежда и обувь,Санкт-Петербург,"6 причин, почему выбирают именно нас!  1. ИНДИВИДУАЛЬНЫЙ подход к каждому клиенту, помощь в составлении заказа, подбор формы в ограниченный бюджет.  2. БЕСПЛАТНАЯ доставка до офиса в Санкт-Петербурге, а так же подбор максимально выгодной для клиента транспортной компании.  3. БОЛЬШИЕ СКИДКИ при сост"
474,35116,Ферма Маркет Архангельск Северодвинск Новодвинск,https://vk.com/ferma29_ru,"Продукты питания, напитки",Архангельск,Интернет магазин совместных закупок фермерских продуктов с мобильной точкой выдачи заказов и доставкой.
475,35099,"Загородный клуб ""Золотой Берег""",https://vk.com/goldenbereg,Гостиница,Санкт-Петербург,"Эко-отель в часе езды от Санкт-Петербурге по пути в Карелию, в заповедном месте на берегу Ладожского озера.   Дизайнерские дома в скандинавском стиле, настоящая русская баня, звенящая тишина леса - здесь есть все для перезагрузки и обновления.  Чтобы забронировать или задать вопрос, напишите нам лич"
476,35072,Мастер торт /Онлайн школа,https://vk.com/vdaragan_kurs,Обучающие курсы,,"Что такое Мастер торт?  ""Мастер торт"" - это современная онлайн-школа, в которой вы можете пройти обучение от нуля до профессионала!  Наши преподаватели - это кондитеры, которые на своем многолетнем опыте проверили то, что для вас представлено в содержательных видео уроках и рассказано вплоть до уров"
477,35026,Кухни и мебель|Модульные кухни|Мурманск,https://vk.com/kuhni_murmansk51,Мебель,Мурманск,"Ссылка для расчета стоимости: vk.me/kuhni_murmansk51  Здесь вы точно подберете стильную, надежную и функциональную мебель, которой будете пользоваться много лет, восхищая своих гостей!  Делаю кухни с 2014 года. В квартирах более чем 1000 мурманских семей стоит моя мебель.  ✅ Изготавливаем КАЧЕСТВЕНН"
478,34983,КЛУБНИКА «ФИОНОВЫ» Фермерские продукты СПб,https://vk.com/klybnika.fionov,Садоводство,Санкт-Петербург,"Семейная ферма  на протяжении многих лет  занимаемся  выращиванием КЛУБНИКИ🍓 И РАЗВЕДЕНИЕМ ПТИЦЫ!  Наш адрес:  Л.О. Тосненский р-н, массив НЕЧЕПЕРТЬ ( ориентир на   д. Нурма )   Связаться с нами по всем вопросам Вы можете по тел. С 9 до 19 часов!   ☎️ 8981 684 56 36 Татьяна   У НАС МОЖНО ПРИОБРЕСТИ:"
479,34981,"Калым, подработка, работа, Саратов, Энгельс",https://vk.com/kalym.saratov,"Строительство, ремонт",Саратов,"Калым Саратов - это паблик, который позволяет быстро находить надежных исполнителей для выполнения любой работы. Популярные услуги в паблике Калым Саратов:  — Помощь по хозяйству — Ремонт транспорта — Заказы на фото-видео съемку  — Ремонт бытовой техники — Ремонтные работы от замены розетки до ремон"
480,34975,Cover shop®  - Обложки для документов,https://vk.com/covershop64,Другие товары,Брянск,"Cover shop - ведущий Российский онлайн-магазин  стильных обложек на любые документы:  - паспорт - удостоверение - автодокументы - военный билет - студенческий билет  Огромный выбор ежедневников, чехлов на телефоны и других аксессуаров!!!  Отправки заказов по России каждый день!  ТЕГИ: обложка для уд"
481,34941,"Куклы Паола Рейна(Paola Reina), Ruby Red (Руби)",https://vk.com/dolls_paolareina,"Игры, игрушки",,"Добро пожаловать в наш уютный магазинчик любителей красивых и качественных кукол известных мировых брендов! Здесь можно приобрести европейских и американских кукол, которые покорят сердца покупателей любого возраста!  Здесь вы найдёте только сертифицированные товары, произведенные на официальных фаб"
482,34938,"Наборы для вышивания ""Золотое Руно""",https://vk.com/zolotoe_runo,Дизайн-студия,Москва,Наборы для вышивания собственной дизайн-студии.  - вышивка крестом  - наборы подзаказ - частичная комплектация   ✅Пряжа для вязания от ведущих европейских брендов: - акрил - альпака - ангора - верблюжья 🐪 - микрофибра - хлопок - шелк  ✅Наборы для творчества: - наборы для микровышивки  - наборы для в
483,34910,ВОСТОЧНЫЕ ТАНЦЫ с IriSka (Томск),https://vk.com/iriska_bellydance,Танцевальная школа,Томск,"Приветствую🤗 Добро пожаловать на мою страницу!!!  Меня зовут Ирина, многие знают меня как Iriska_bellydance  В танцах я с 2005 года, преподаю оффлайн в г.Томске с 2009 года. В 2019 открыла онлайн-занятия💃  Здесь я буду делиться с вами бесплатными обучающими роликами, связками и другой полезной инфор"
484,34888,"Kukusiki | женская одежда, обувь | Вел. Новгород",https://vk.com/kukusiki53,"Одежда, обувь",Великий Новгород,"Добро пожаловать ! ▫️13 лет с Вами!  ▫️Стильная одежда и обувь ▫️Приятные цены ▫️Большой ассортимент ▫️Два магазина в Великом Новгороде ▫️Доставка по всей России (Почта России, СДЭК, ОЗОН, Вайлдберрис) При заказе от 4000 руб доставка БЕСПЛАТНО ________________  Наши адреса в Великом Новгороде: 📍Б.МО"
485,34832,"Барахолка ЛНР ДНР Луганск, Донецк",https://vk.com/baraholka_lnr,Информационный портал,,"Уважаемые подписчики и  рекламодатели! У нас есть возможность разместить РЕКЛАМУ В ЗАКРЕПЕ ИЛИ ПОСТ на платной основе и заказать продукты Т-Банка(тоесть коммерция). Все остальные объявления размещаются самостоятельно БЕСПЛАТНО.  По всем ВОПРОСАМ (цене, сроках, способы оплаты писать АДМИНУ В ГРУППУ. "
486,34830,Мастерская Софьи Ермиловой,https://vk.com/futuristic_animal,Художник,Красногорск,Мой телеграмм https://t.me/fantasycreature Всем Привет!)) Здесь живет моё творчество! Надеюсь вы найдете его интересным для себя.  Буду рада новым друзьям и подписчикам)) Всем счастья!!!
487,34824,MyShoesUfa | Уличная одежда и обувь,https://vk.com/myshoesufa,"Одежда, обувь",Уфа,"Город Уфа Проспект Октября 14, вход со двора Работаем с 11:00 до 21:00, без перерыва Доставляем по всей России.  • высокое качество • низкие цены • находимся в центре города • акции и скидки • розыгрыши для участников  У нас Вы можете приобрести товары бывшие в употреблении: обувь и одежду по низким"
488,34770,Сумки из кожи GORDONBAG,https://vk.com/gordon_bag,"Стиль, одежда, обувь",Тамбов,"Дизайнерская сумка ручной работы от «GORDONBAG», сшитая индивидуально под Вас, поможет ярче Вам выделиться из толпы китайских штамповок и реплик аля-Шанель!   Каждая сумка от GORDONBAG индивидуальна и неповторима, ведь шить сумки мечты нам помогает: ● десятилетний опыт работы  ● знания итальянских т"
489,34764,Туры по России| Путешествия| ТК Горизонт |Ижевск,https://vk.com/gorizont_18,Туристическое агентство,Ижевск,"Рады приветствовать вас в официальной группе ТК Горизонт ✔  ☀️ТК ""Горизонт"" уже более 15 лет на рынке туризма!  За это время нами отправлено в путешествие более 9000 довольных туристов в более 39 стран!  👫Мы предлагаем уникальные туры по России из Ижевска и других городов. Наши туры включают семейны"
490,34749,Рязанова Татьяна | Вязаные ковры,https://vk.com/lacemats,Другие хобби,Москва,"✅ ОБУЧЕНИЕ ВЯЗАНИЮ КОВРОВ С 0 ✅ АВТОРСКИЕ МАСТЕР-КЛАССЫ ✅ КЛУБ ДЛЯ РУКОДЕЛЬНИЦ С ЧАТОМ ДЛЯ ОБЩЕНИЯ И ПОДДЕРЖКИ  ▫️▫️▫️▫️▫️▫️  Приветствую вас в сообществе, посвящённом вязанию ковров крючком! Меня зовут Татьяна Рязанова, в мировом сообществе «вязальщиц» я известна как Lacemats.  10 лет назад я решил"
491,34741,FRIGGEROCK | Кожаные изделия,https://vk.com/friggerockcraft,Творчество,Новосибирск,"Вручную делаем кожаные изделия на века! Только натуральная кожа, каждый стежок сделан вручную.  Для персонализации мы можем бесплатно добавить на изделия ваши инициалы и помочь с поиском рисунка!  ИП Барышева Светлана Анатольевна  Кор.счёт  40802810523240000690  ИНН  540304885851  БИК  045004774"
492,34727,DIAMANT,https://vk.com/diamantrussia,"Украшения, бижутерия ",,"✔️ Одно из крупнейших ювелирных производств в России! Diamant – российский ювелирный бренд, известный с 1993 года. Сегодня украшения широко представлены по всей России, бренд знают и любят не только в разных уголках нашей страны, но и за её пределами.  Каждое украшение Diamant создаётся на собственн"
493,34715,"ДЕТСКАЯ ОДЕЖДА Пермь ""Детский размер""",https://vk.com/deti_style,Товары для детей,,"ПРИГЛАШАЕМ ЗА ПОКУПКАМИ!!! https://vk.com/club27863417  🌺ТЦ “Домино”, ул. Куйбышева, 85а (1 этаж) 🌺ТЦ “Земляника”, пр-т Парковый, 17 (3 этаж) 🌺ТЦ “Семь пятниц”, ул. Революции, 60/1 (4 этаж) 🌺 ТЦ Квартет, ул. Юрша, 86 (3 этаж) 🔥🔥 🌺 ТЦ “Кузнецкий”, ул. Целинная, 51 ( 1 этаж), ( м-он ВЫШКА 2) 🌺ул. Леон"
494,34675,ReSale | Магазин техники | Саранск,https://vk.com/resale13,Салоны сотовой связи,Саранск,"ReSale - место, где можно купить только оригинальную продукцию мировых брендов с гарантией качества и лучшей ценой.  • Рассрочка до 36 месяцев • Выгодный Trade IN • Доставка по всей России  Наши соцсети:  Сайт: https://resale13.ru/  Avito: https://www.avito.ru/brands/resale13  Instagram: [club524692"
495,34666,Последние Танки В Париже | ПТВП,https://vk.com/ptvpspb,Другая музыка,Санкт-Петербург,"Для тех, кто любит и ценит творчество группы Последние Танки В Париже и Лёхи Никонова. Выборгская панк-группа образована в 1996 году.  Состав: Лёха Никонов - голос, стихи, слова. Артур Матур - гитара. Егор Недвига - бас, бэк. Денис Антонов - барабаны, электроника. Игорь Карнаушенко - звук.  Организа"
496,34662,ANTA Sports,https://vk.com/anta_official,Спортивная организация,,"ANTA – известная во всем мире компания по производству спортивной одежды и обуви.   Помимо производства компания занимается современными исследованиями в области спорта, разработкой новых технологий, дизайном одежды и обуви.   Выгодная цена, большой ассортимент и высокое качество продукции компании "
497,34620,Авточехлы,https://vk.com/autichehly_grand,Автотовары,,"Выберите фасон чехлов, материал, цвет кожи и нитей. В наличии есть немецкая кожа и замша.  Мы сошьем для Вас любые чехлы на заказ при наличии лекал на ваш авто от 15500 руб за весь комплект, но есть из наличия модельные чехлы стоимостью от 9580 руб, для этого нам нужно знать на какой авто вам нужны "
498,34620,LAST DAY CLUB,https://vk.com/lastdayclub,Активный отдых,,"LAST DAY CLUB - открытый клуб по следующим интересам: выживание, автономное существование, туризм, рыбалка, охота, спорт, оружие, тактика, самооборона, стрелковая и боевая подготовка, техника, медицина. Мы стараемся сделать суровые будни выживальщика понятными и доступными для простых людей, которым"
499,34585,Розовоз • ВсёОК • Цветы | Доставка | Ижевск,https://vk.com/rozovoz,Цветы,Ижевск,"📝 Закажите цветы (с доставкой и без):   — по телефону 77-46-46/+7 (922) 517-46-46; — через [id229060152|Розовоз Мэна]; — или сообщения сообщества.  🚙 Доставка цветов в Ижевске — от 400₽:  ПН-ПТ 8.00-21.00 СБ 9.00-19.00 ВС 10.00-19.00  🌹 Всегда свежие цветы, широкий ассортимент и приятные цены!  🎀 Оф"
500,34559,Галамарт Киров  - магазин постоянных распродаж!,https://vk.com/galamart_kirov,Товары для дома,Киров,"Заявление: 4974289596  г. Киров:   ТЦ «Базар», ул. Лепсе, 4, 2 эт., 22-27-32  с 9.00 до 20.00 ежедневно  ТЦ «Фестиваль», ул. Космонавта Волкова, 6-а, 1 эт., 21-21-19  с 9.00 до 20-00 ежедневно  ТЦ «Антей», ул. Лепсе, 54, 1 эт., 71-17-27  с 9.00 до 20-00 ежедневно  ТЦ «Арбат», ул. Горького, 55-а, 2 э"
